entrezgene_id	Number of datasets	max(|logFC|)	logFC	ensembl_gene_id	external_gene_name
7503	4	5.07662975751278	5.07662975751278	ENSG00000229807	XIST
1116	8	3.64854383323948	3.64854383323948	ENSG00000133048	CHI3L1
245932	1	3.18153403312172	3.18153403312172	ENSG00000180483	DEFB119
3957	1	3.06887478891177	3.06887478891177	ENSG00000100079	LGALS2
1356	15	3.03789765624607	3.03789765624607	ENSG00000047457	CP
1490	1	2.98617582876647	2.98617582876647	ENSG00000118523	CCN2
6279	4	2.78423898098073	2.78423898098073	ENSG00000143546	S100A8
6563	12	2.70376412014691	2.70376412014691	ENSG00000141469	SLC14A1
3310	3	2.55647721088805	2.55647721088805	ENSG00000173110	HSPA6
4256	2	2.40855626878742	2.40855626878742	ENSG00000111341	MGP
28984	6	2.314489459856	2.314489459856	ENSG00000102760	RGCC
929	6	2.24466166151732	2.24466166151732	ENSG00000170458	CD14
3040	5	2.22533947571278	2.22533947571278	ENSG00000188536	HBA2
3039	5	2.22533947571278	2.22533947571278	ENSG00000206172	HBA1
2215	8	2.20410535738329	2.20410535738329	ENSG00000162747	FCGR3B
645832	2	2.19591203216451	2.19591203216451	ENSG00000274529	SEBOX
2846	5	2.17028943830986	2.17028943830986	ENSG00000147145	LPAR4
9173	6	2.10907296288511	2.10907296288511	ENSG00000115602	IL1RL1
91947	6	2.09261872087536	2.09261872087536	ENSG00000140450	ARRDC4
3315	8	2.05508228235896	2.05508228235896	ENSG00000106211	HSPB1
6347	4	2.04932365657179	2.04932365657179	ENSG00000108691	CCL2
4599	2	2.0492033146727	2.0492033146727	ENSG00000157601	MX1
151636	6	2.04823023178133	2.04823023178133	ENSG00000163840	DTX3L
100507008	6	2.04754199879888	2.04754199879888		
10610	4	2.02244560930921	2.02244560930921	ENSG00000070731	ST6GALNAC2
10457	9	2.01451594498987	2.01451594498987	ENSG00000136235	GPNMB
2635	8	1.99905725661213	1.99905725661213	ENSG00000117226	GBP3
56245	6	1.97942436005977	1.97942436005977	ENSG00000262938	C21orf62
56245	6	1.97942436005977	1.97942436005977	ENSG00000205929	C21orf62
301	8	1.97439762160014	1.97439762160014	ENSG00000135046	ANXA1
2210	9	1.96100627464774	1.96100627464774	ENSG00000291135	FCGR1BP
84166	5	1.95201536906083	1.95201536906083	ENSG00000140853	NLRC5
84617	6	1.94983016115056	1.94983016115056	ENSG00000176014	TUBB6
1992	10	1.88970941151585	1.88970941151585	ENSG00000021355	SERPINB1
253650	4	1.88284820190263	1.88284820190263	ENSG00000180071	ANKRD18A
100289137	4	1.88284820190263	1.88284820190263	ENSG00000180071	ANKRD18A
25890	4	1.87062190424358	1.87062190424358	ENSG00000154175	ABI3BP
10797	7	1.8518233607709	1.8518233607709	ENSG00000065911	MTHFD2
285	8	1.82801696035314	1.82801696035314	ENSG00000091879	ANGPT2
3122	9	1.7872778750945	1.7872778750945	ENSG00000277263	HLA-DRA
3122	9	1.7872778750945	1.7872778750945	ENSG00000234794	HLA-DRA
3122	9	1.7872778750945	1.7872778750945	ENSG00000226260	HLA-DRA
3122	9	1.7872778750945	1.7872778750945	ENSG00000230726	HLA-DRA
3122	9	1.7872778750945	1.7872778750945	ENSG00000227993	HLA-DRA
3122	9	1.7872778750945	1.7872778750945	ENSG00000228987	HLA-DRA
3122	9	1.7872778750945	1.7872778750945	ENSG00000206308	HLA-DRA
3122	9	1.7872778750945	1.7872778750945	ENSG00000204287	HLA-DRA
146802	6	1.77734615678537	1.77734615678537	ENSG00000180638	SLC47A2
714	7	1.75387788437205	1.75387788437205	ENSG00000159189	C1QC
257177	6	1.75291298371088	1.75291298371088	ENSG00000188931	CFAP126
2202	9	1.72757519713903	1.72757519713903	ENSG00000115380	EFEMP1
378938	11	1.7152501490325	1.7152501490325	ENSG00000251562	MALAT1
2214	7	1.70426734552507	1.70426734552507	ENSG00000203747	FCGR3A
7076	7	1.69842366527499	1.69842366527499	ENSG00000102265	TIMP1
64850	4	1.68999692409134	1.68999692409134	ENSG00000164089	ETNPPL
4501	7	1.68957188675074	1.68957188675074	ENSG00000187193	MT1X
2162	4	1.68872332305554	1.68872332305554	ENSG00000124491	F13A1
200162	2	1.64939950171812	1.64939950171812	ENSG00000155761	SPAG17
25780	2	1.64476314750716	1.64476314750716	ENSG00000152689	RASGRP3
563	9	1.64451809320196	1.64451809320196	ENSG00000160862	AZGP1
153643	5	1.64112366808913	1.64112366808913	ENSG00000153347	FAM81B
713	8	1.63759498666588	1.63759498666588	ENSG00000173369	C1QB
10437	6	1.63686993427351	1.63686993427351	ENSG00000216490	IFI30
221074	5	1.63268355605412	1.63268355605412	ENSG00000148482	SLC39A12
2302	3	1.63031367418134	1.63031367418134	ENSG00000129654	FOXJ1
7103	1	1.61505800447572	1.61505800447572	ENSG00000127324	TSPAN8
55214	9	1.6144426780351	1.6144426780351	ENSG00000090530	P3H2
100885781	2	1.61255160781098	1.61255160781098	ENSG00000226846	LINC00348
154141	2	1.60754297645426	1.60754297645426	ENSG00000172197	MBOAT1
358	10	1.60407184316591	1.60407184316591	ENSG00000240583	AQP1
4071	7	1.59890168175811	1.59890168175811	ENSG00000169908	TM4SF1
361	10	1.59219059757387	1.59219059757387	ENSG00000171885	AQP4
83641	5	1.5895284869019	1.5895284869019	ENSG00000065809	FAM107B
401551	3	1.58932401557015	1.58932401557015	ENSG00000136918	WDR38
144535	5	1.5758781361471	1.5758781361471	ENSG00000188596	CFAP54
165	11	1.57043901741895	1.57043901741895	ENSG00000106624	AEBP1
202151	6	1.56775546302288	1.56775546302288	ENSG00000164188	RANBP3L
284	9	1.56328194887238	1.56328194887238	ENSG00000154188	ANGPT1
9531	9	1.55528359054105	1.55528359054105	ENSG00000151929	BAG3
5996	4	1.54741257022857	1.54741257022857	ENSG00000090104	RGS1
9332	6	1.54667722590401	1.54667722590401	ENSG00000177575	CD163
2207	7	1.542569718372	1.542569718372	ENSG00000158869	FCER1G
54443	4	1.54049905510563	1.54049905510563	ENSG00000011426	ANLN
5355	7	1.53958291016241	1.53958291016241	ENSG00000102007	PLP2
2213	6	1.53005092862488	1.53005092862488	ENSG00000072694	FCGR2B
22836	10	1.51743565824052	1.51743565824052	ENSG00000164292	RHOBTB3
56829	9	1.50728238335962	1.50728238335962	ENSG00000105939	ZC3HAV1
219681	3	1.50548309396549	1.50548309396549	ENSG00000165309	ARMC3
644139	5	1.50091362861689	1.50091362861689	ENSG00000233670	PIRT
960	13	1.49733585290454	1.49733585290454	ENSG00000026508	CD44
80217	5	1.49641160374074	1.49641160374074	ENSG00000197748	CFAP43
5698	7	1.49288785412343	1.49288785412343	ENSG00000239836	PSMB9
5698	7	1.49288785412343	1.49288785412343	ENSG00000243958	PSMB9
5698	7	1.49288785412343	1.49288785412343	ENSG00000242711	PSMB9
5698	7	1.49288785412343	1.49288785412343	ENSG00000243594	PSMB9
5698	7	1.49288785412343	1.49288785412343	ENSG00000240508	PSMB9
5698	7	1.49288785412343	1.49288785412343	ENSG00000240118	PSMB9
5698	7	1.49288785412343	1.49288785412343	ENSG00000243067	PSMB9
5698	7	1.49288785412343	1.49288785412343	ENSG00000240065	PSMB9
187	10	1.48862170597437	1.48862170597437	ENSG00000134817	APLNR
84168	9	1.48442814175836	1.48442814175836	ENSG00000169604	ANTXR1
4257	6	1.46385208675601	1.46385208675601	ENSG00000008394	MGST1
3115	9	1.46380756770291	1.46380756770291	ENSG00000236693	HLA-DPB1
3115	9	1.46380756770291	1.46380756770291	ENSG00000230708	HLA-DPB1
3115	9	1.46380756770291	1.46380756770291	ENSG00000226826	HLA-DPB1
3115	9	1.46380756770291	1.46380756770291	ENSG00000229295	HLA-DPB1
3115	9	1.46380756770291	1.46380756770291	ENSG00000215048	HLA-DPB1
3115	9	1.46380756770291	1.46380756770291	ENSG00000230763	HLA-DPB1
3115	9	1.46380756770291	1.46380756770291	ENSG00000237710	HLA-DPB1
3115	9	1.46380756770291	1.46380756770291	ENSG00000223865	HLA-DPB1
3075	7	1.44558245043281	1.44558245043281	ENSG00000000971	CFH
27151	3	1.44463576000604	1.44463576000604	ENSG00000160111	CPAMD8
3491	3	1.44337094951283	1.44337094951283	ENSG00000142871	CCN1
2123	3	1.44280228369169	1.44280228369169	ENSG00000126860	EVI2A
57471	3	1.43187360165972	1.43187360165972	ENSG00000136541	ERMN
8334	5	1.42626360933588	1.42626360933588	ENSG00000180573	H2AC6
3306	3	1.42273131744003	1.42273131744003	ENSG00000126803	HSPA2
100505702	4	1.42219494133394	1.42219494133394		
6281	6	1.42075902258248	1.42075902258248	ENSG00000197747	S100A10
1902	3	1.41794021056428	1.41794021056428	ENSG00000198121	LPAR1
128344	5	1.41214250863308	1.41214250863308	ENSG00000173947	PIFO
55540	7	1.41013827765821	1.41013827765821	ENSG00000056736	IL17RB
79993	10	1.40920028804602	1.40920028804602	ENSG00000164181	ELOVL7
57730	6	1.40511715826361	1.40511715826361	ENSG00000196912	ANKRD36B
1410	7	1.40043500731628	1.40043500731628	ENSG00000109846	CRYAB
133121	1	1.39512512343733	1.39512512343733	ENSG00000164303	ENPP6
25937	10	1.39512503395636	1.39512503395636	ENSG00000018408	WWTR1
100505929	1	1.38891823833543	1.38891823833543		
144809	1	1.38692110322016	1.38692110322016	ENSG00000179813	FAM216B
221476	4	1.38508155828072	1.38508155828072	ENSG00000164530	PI16
7450	11	1.38367580012768	1.38367580012768	ENSG00000110799	VWF
11326	9	1.38123752858232	1.38123752858232	ENSG00000155659	VSIG4
80975	5	1.37611108963559	1.37611108963559	ENSG00000166682	TMPRSS5
22802	2	1.36659794582189	1.36659794582189	ENSG00000016602	CLCA4
8701	3	1.36654239103471	1.36654239103471	ENSG00000105877	DNAH11
1358	2	1.35661746952899	1.35661746952899	ENSG00000158516	CPA2
58480	5	1.3550878923653	1.3550878923653	ENSG00000284984	RHOU
58480	5	1.3550878923653	1.3550878923653	ENSG00000116574	RHOU
80343	3	1.35127620680579	1.35127620680579	ENSG00000101251	SEL1L2
8773	10	1.3433284839721	1.3433284839721	ENSG00000092531	SNAP23
55914	11	1.34265839706472	1.34265839706472	ENSG00000112851	ERBIN
54762	8	1.34041300124507	1.34041300124507	ENSG00000178075	GRAMD1C
9383	2	1.33926033437959	1.33926033437959	ENSG00000270641	TSIX
93978	2	1.33811303395772	1.33811303395772	ENSG00000205846	CLEC6A
865	9	1.33803607075513	1.33803607075513	ENSG00000067955	CBFB
7097	9	1.3369105874638	1.3369105874638	ENSG00000137462	TLR2
745	5	1.33525650425806	1.33525650425806	ENSG00000124920	MYRF
5265	9	1.33434547344393	1.33434547344393	ENSG00000277377	SERPINA1
5265	9	1.33434547344393	1.33434547344393	ENSG00000197249	SERPINA1
828	11	1.33267723795923	1.33267723795923	ENSG00000105519	CAPS
4493	8	1.32443510812265	1.32443510812265	ENSG00000169715	MT1E
1536	7	1.32377422035275	1.32377422035275	ENSG00000165168	CYBB
57834	4	1.32292063650772	1.32292063650772	ENSG00000171903	CYP4F11
8531	8	1.32244791709654	1.32244791709654	ENSG00000060138	YBX3
6385	7	1.32188297767185	1.32188297767185	ENSG00000124145	SDC4
167410	6	1.31400092138407	1.31400092138407	ENSG00000145721	LIX1
5696	6	1.31234498269944	1.31234498269944	ENSG00000230669	PSMB8
5696	6	1.31234498269944	1.31234498269944	ENSG00000231631	PSMB8
5696	6	1.31234498269944	1.31234498269944	ENSG00000206298	PSMB8
5696	6	1.31234498269944	1.31234498269944	ENSG00000236443	PSMB8
5696	6	1.31234498269944	1.31234498269944	ENSG00000235715	PSMB8
5696	6	1.31234498269944	1.31234498269944	ENSG00000230034	PSMB8
5696	6	1.31234498269944	1.31234498269944	ENSG00000226201	PSMB8
5696	6	1.31234498269944	1.31234498269944	ENSG00000204264	PSMB8
9288	2	1.30922322159649	1.30922322159649	ENSG00000290584	TAAR3P
6696	6	1.3087028454685	1.3087028454685	ENSG00000118785	SPP1
712	7	1.30842442610106	1.30842442610106	ENSG00000173372	C1QA
25840	8	1.30736120510357	1.30736120510357	ENSG00000185432	METTL7A
6446	7	1.30590588716803	1.30590588716803	ENSG00000118515	SGK1
66002	7	1.30583124512592	1.30583124512592	ENSG00000186204	CYP4F12
2018	8	1.30372086814706	1.30372086814706	ENSG00000170370	EMX2
3659	3	1.30238118570309	1.30238118570309	ENSG00000125347	IRF1
443	3	1.29984256753177	1.29984256753177	ENSG00000108381	ASPA
286827	3	1.2990167488197	1.2990167488197	ENSG00000213186	TRIM59
4502	9	1.29653470902018	1.29653470902018	ENSG00000125148	MT2A
440248	8	1.29554776016429	1.29554776016429	ENSG00000290513	HERC2P9
440248	8	1.29554776016429	1.29554776016429	ENSG00000291082	HERC2P9
400322	8	1.29554776016429	1.29554776016429		
6890	5	1.29044214594973	1.29044214594973	ENSG00000227816	TAP1
6890	5	1.29044214594973	1.29044214594973	ENSG00000232367	TAP1
6890	5	1.29044214594973	1.29044214594973	ENSG00000226173	TAP1
6890	5	1.29044214594973	1.29044214594973	ENSG00000224748	TAP1
6890	5	1.29044214594973	1.29044214594973	ENSG00000230705	TAP1
6890	5	1.29044214594973	1.29044214594973	ENSG00000224212	TAP1
6890	5	1.29044214594973	1.29044214594973	ENSG00000206297	TAP1
6890	5	1.29044214594973	1.29044214594973	ENSG00000168394	TAP1
2670	11	1.28430270669121	1.28430270669121	ENSG00000131095	GFAP
3691	14	1.28266753819159	1.28266753819159	ENSG00000132470	ITGB4
51703	8	1.28239352985874	1.28239352985874	ENSG00000197142	ACSL5
339512	5	1.27977902890993	1.27977902890993	ENSG00000185860	CCDC190
4494	11	1.27742854535976	1.27742854535976	ENSG00000198417	MT1F
8832	9	1.27516178456053	1.27516178456053	ENSG00000066294	CD84
100288332	11	1.27427810053561	1.27427810053561	ENSG00000282705	NPIPA5
100288332	11	1.27427810053561	1.27427810053561	ENSG00000273807	NPIPA9
100288332	11	1.27427810053561	1.27427810053561	ENSG00000183793	NPIPA5
100288332	11	1.27427810053561	1.27427810053561	ENSG00000183889	NPIPA9
100288332	11	1.27427810053561	1.27427810053561	ENSG00000233024	NPIPA9
613037	8	1.27427810053561	1.27427810053561	ENSG00000198064	NPIPB13
57722	7	1.27354877055158	1.27354877055158	ENSG00000103742	IGDCC4
6651	5	1.27189436388119	1.27189436388119	ENSG00000159140	SON
3059	9	1.26835123730962	1.26835123730962	ENSG00000180353	HCLS1
79901	8	1.26575578221224	1.26575578221224	ENSG00000071967	CYBRD1
825	6	1.26304353039217	1.26304353039217	ENSG00000092529	CAPN3
4495	9	1.26290764591366	1.26290764591366	ENSG00000125144	MT1G
117248	11	1.26215414226425	1.26215414226425	ENSG00000131386	GALNT15
4821	4	1.26134131874574	1.26134131874574	ENSG00000125820	NKX2-2
1287	4	1.26099212494715	1.26099212494715	ENSG00000188153	COL4A5
81035	9	1.25785556622965	1.25785556622965	ENSG00000158270	COLEC12
6242	5	1.25328638599256	1.25328638599256	ENSG00000114993	RTKN
9499	6	1.25306319081932	1.25306319081932	ENSG00000120729	MYOT
871	6	1.25057382514518	1.25057382514518	ENSG00000149257	SERPINH1
3399	10	1.2501152989717	1.2501152989717	ENSG00000283060	ID3
3399	10	1.2501152989717	1.2501152989717	ENSG00000117318	ID3
127795	6	1.24929752753335	1.24929752753335	ENSG00000162598	C1orf87
2872	10	1.24815211733594	1.24815211733594	ENSG00000099875	MKNK2
196410	6	1.2468237094415	1.2468237094415	ENSG00000170439	METTL7B
123	7	1.24496061922125	1.24496061922125	ENSG00000147872	PLIN2
5168	2	1.2446190118741	1.2446190118741	ENSG00000136960	ENPP2
26018	9	1.24434725989462	1.24434725989462	ENSG00000144749	LRIG1
643314	8	1.24242908113625	1.24242908113625		
28904	2	1.24227492959027	1.24227492959027		
2697	9	1.24190986009084	1.24190986009084	ENSG00000152661	GJA1
644314	1	1.24046799328553	1.24046799328553		
285800	2	1.23928675597749	1.23928675597749	ENSG00000176381	PRR18
83690	3	1.23870288541038	1.23870288541038	ENSG00000121005	CRISPLD1
6423	2	1.2383243830188	1.2383243830188	ENSG00000145423	SFRP2
2124	8	1.23670568292112	1.23670568292112	ENSG00000185862	EVI2B
11170	13	1.23377112493606	1.23377112493606	ENSG00000168309	FAM107A
54209	9	1.23340616658414	1.23340616658414	ENSG00000095970	TREM2
8354	8	1.23290542771039	1.23290542771039	ENSG00000275379	H3C11
2318	5	1.23240805287236	1.23240805287236	ENSG00000128591	FLNC
6678	5	1.23179253502605	1.23179253502605	ENSG00000113140	SPARC
719	9	1.23027899868244	1.23027899868244	ENSG00000171860	C3AR1
341883	2	1.22851612011827	1.22851612011827	ENSG00000131951	LRRC9
57088	9	1.22610173497733	1.22610173497733	ENSG00000114698	PLSCR4
8519	7	1.2236281857228	1.2236281857228	ENSG00000185885	IFITM1
3082	7	1.22231095862366	1.22231095862366	ENSG00000019991	HGF
3920	11	1.21882345825344	1.21882345825344	ENSG00000005893	LAMP2
388677	12	1.21101007084329	1.21101007084329	ENSG00000264343	NOTCH2NLA
5788	7	1.2103244751411	1.2103244751411	ENSG00000262418	PTPRC
5788	7	1.2103244751411	1.2103244751411	ENSG00000081237	PTPRC
26471	11	1.20958175770997	1.20958175770997	ENSG00000176046	NUPR1
28231	8	1.20719325195452	1.20719325195452	ENSG00000101187	SLCO4A1
23150	3	1.20583305502917	1.20583305502917	ENSG00000114541	FRMD4B
219736	7	1.20383906162301	1.20383906162301	ENSG00000165730	STOX1
4496	10	1.20056262271759	1.20056262271759	ENSG00000205358	MT1H
389831	2	1.20052335318903	1.20052335318903		
102724951	1	1.20052335318903	1.20052335318903		
10261	5	1.19685475328228	1.19685475328228	ENSG00000283934	IGSF6
10261	5	1.19685475328228	1.19685475328228	ENSG00000140749	IGSF6
8857	7	1.19546674489306	1.19546674489306	ENSG00000281123	FCGBP
8857	7	1.19546674489306	1.19546674489306	ENSG00000275395	FCGBP
4057	3	1.19523006209608	1.19523006209608	ENSG00000012223	LTF
9450	6	1.19496119921105	1.19496119921105	ENSG00000112799	LY86
9705	5	1.19202654499327	1.19202654499327	ENSG00000147488	ST18
4921	11	1.18845597980002	1.18845597980002	ENSG00000162733	DDR2
3486	2	1.18756316751861	1.18756316751861	ENSG00000146674	IGFBP3
23677	8	1.18493865571183	1.18493865571183	ENSG00000130147	SH3BP4
94015	3	1.18247550955041	1.18247550955041	ENSG00000141540	TTYH2
57717	3	1.18135101437627	1.18135101437627	ENSG00000272674	PCDHB16
9124	6	1.17832401556233	1.17832401556233	ENSG00000107438	PDLIM1
341	8	1.17734754092008	1.17734754092008	ENSG00000130208	APOC1
2634	6	1.17692858152684	1.17692858152684	ENSG00000162645	GBP2
6542	8	1.17638325857186	1.17638325857186	ENSG00000003989	SLC7A2
126820	3	1.17444427745703	1.17444427745703	ENSG00000162643	DNAI3
54832	8	1.17403403123075	1.17403403123075	ENSG00000129003	VPS13C
51365	7	1.1725324449525	1.1725324449525	ENSG00000144837	PLA1A
8938	3	1.1695205188443	1.1695205188443	ENSG00000007516	BAIAP3
26119	4	1.168651254891	1.168651254891	ENSG00000157978	LDLRAP1
220963	8	1.16838001456159	1.16838001456159	ENSG00000165449	SLC16A9
80303	11	1.16700259427014	1.16700259427014	ENSG00000115468	EFHD1
401124	2	1.16677117543698	1.16677117543698	ENSG00000197057	DTHD1
3162	8	1.16671983223767	1.16671983223767	ENSG00000100292	HMOX1
8991	7	1.16544051547409	1.16544051547409	ENSG00000143416	SELENBP1
65983	8	1.16521524405002	1.16521524405002	ENSG00000155324	GRAMD2B
440359	1	1.16517343199579	1.16517343199579		
79899	4	1.16302275389749	1.16302275389749	ENSG00000135362	PRR5L
3118	7	1.16241547963756	1.16241547963756	ENSG00000233192	HLA-DQA2
3118	7	1.16241547963756	1.16241547963756	ENSG00000231526	HLA-DQA2
3118	7	1.16241547963756	1.16241547963756	ENSG00000206301	HLA-DQA2
3118	7	1.16241547963756	1.16241547963756	ENSG00000257473	HLA-DQA2
3118	7	1.16241547963756	1.16241547963756	ENSG00000223793	HLA-DQA2
3118	7	1.16241547963756	1.16241547963756	ENSG00000231823	HLA-DQA2
3118	7	1.16241547963756	1.16241547963756	ENSG00000225103	HLA-DQA2
3118	7	1.16241547963756	1.16241547963756	ENSG00000237541	HLA-DQA2
951	7	1.16163685781243	1.16163685781243	ENSG00000104894	CD37
57817	3	1.16133656351419	1.16133656351419	ENSG00000105697	HAMP
254295	9	1.16121904182729	1.16121904182729	ENSG00000175287	PHYHD1
10581	10	1.16002732718279	1.16002732718279	ENSG00000185201	IFITM2
2669	9	1.15941471487662	1.15941471487662	ENSG00000164949	GEM
128653	1	1.15851254774138	1.15851254774138	ENSG00000258713	C20orf141
10875	6	1.15623407675439	1.15623407675439	ENSG00000127951	FGL2
23460	2	1.1559027831321	1.1559027831321	ENSG00000154262	ABCA6
968	5	1.15435318377606	1.15435318377606	ENSG00000129226	CD68
3428	7	1.15434904134247	1.15434904134247	ENSG00000163565	IFI16
6036	5	1.15430657654138	1.15430657654138	ENSG00000169385	RNASE2
4853	11	1.15422673586612	1.15422673586612	ENSG00000134250	NOTCH2
64114	8	1.15398061787904	1.15398061787904	ENSG00000135926	TMBIM1
10346	7	1.15161577707869	1.15161577707869	ENSG00000132274	TRIM22
9770	1	1.15100807594784	1.15100807594784	ENSG00000101265	RASSF2
374618	3	1.15039520560478	1.15039520560478	ENSG00000151575	TEX9
1837	12	1.14986286968313	1.14986286968313	ENSG00000134769	DTNA
3119	8	1.14935596603104	1.14935596603104	ENSG00000206237	HLA-DQB1
3119	8	1.14935596603104	1.14935596603104	ENSG00000231939	HLA-DQB1
3119	8	1.14935596603104	1.14935596603104	ENSG00000231286	HLA-DQB1
3119	8	1.14935596603104	1.14935596603104	ENSG00000225824	HLA-DQB1
3119	8	1.14935596603104	1.14935596603104	ENSG00000233209	HLA-DQB1
3119	8	1.14935596603104	1.14935596603104	ENSG00000206302	HLA-DQB1
3119	8	1.14935596603104	1.14935596603104	ENSG00000179344	HLA-DQB1
965	7	1.14922302811794	1.14922302811794	ENSG00000116815	CD58
10577	9	1.14781524143558	1.14781524143558	ENSG00000119655	NPC2
100616211	4	1.14781524143558	1.14781524143558	ENSG00000283944	MIR4709
2533	8	1.14671537450112	1.14671537450112	ENSG00000082074	FYB1
963	8	1.14660368668297	1.14660368668297	ENSG00000143119	CD53
221035	7	1.14654283543372	1.14654283543372	ENSG00000165476	REEP3
54947	6	1.14645807649098	1.14645807649098	ENSG00000087253	LPCAT2
59340	1	1.14371549879432	1.14371549879432	ENSG00000134489	HRH4
1512	10	1.14344861617949	1.14344861617949	ENSG00000103811	CTSH
2766	13	1.14271344495622	1.14271344495622	ENSG00000137198	GMPR
221458	6	1.14051267420252	1.14051267420252	ENSG00000164627	KIF6
6299	5	1.13897513570926	1.13897513570926	ENSG00000103449	SALL1
51284	4	1.13694035454965	1.13694035454965	ENSG00000196664	TLR7
84125	4	1.13608673314971	1.13608673314971	ENSG00000133640	LRRIQ1
51177	2	1.13385088958852	1.13385088958852	ENSG00000023902	PLEKHO1
5276	4	1.132697772024	1.132697772024	ENSG00000114204	SERPINI2
2359	5	1.13009793493374	1.13009793493374	ENSG00000187474	FPR3
84417	2	1.12990392131721	1.12990392131721	ENSG00000119147	ECRG4
6579	5	1.12652499478846	1.12652499478846	ENSG00000084453	SLCO1A2
10257	7	1.12484353149281	1.12484353149281	ENSG00000125257	ABCC4
10628	9	1.12361887555211	1.12361887555211	ENSG00000265972	TXNIP
2052	6	1.12355097906652	1.12355097906652	ENSG00000143819	EPHX1
60675	4	1.12040608818599	1.12040608818599	ENSG00000163421	PROK2
4643	4	1.11965011699111	1.11965011699111	ENSG00000157483	MYO1E
7852	3	1.11962305035426	1.11962305035426	ENSG00000121966	CXCR4
51330	4	1.11934633270307	1.11934633270307	ENSG00000006327	TNFRSF12A
54504	5	1.11719159390914	1.11719159390914	ENSG00000106066	CPVL
57467	4	1.11713913819454	1.11713913819454	ENSG00000010282	HHATL
29923	4	1.11647885187439	1.11647885187439	ENSG00000135245	HILPDA
7465	6	1.11595623603339	1.11595623603339	ENSG00000166483	WEE1
128346	6	1.11462415339595	1.11462415339595	ENSG00000143110	C1orf162
6414	7	1.11244768074401	1.11244768074401	ENSG00000250722	SELENOP
23586	4	1.1122765250223	1.1122765250223	ENSG00000107201	DDX58
64780	2	1.11087089734852	1.11087089734852	ENSG00000135596	MICAL1
1880	1	1.11049842478316	1.11049842478316	ENSG00000169508	GPR183
440585	2	1.10886201400818	1.10886201400818	ENSG00000186973	FAM183A
58526	11	1.10833686929754	1.10833686929754	ENSG00000165175	MID1IP1
8787	3	1.1057376175601	1.1057376175601	ENSG00000108370	RGS9
219654	7	1.10540842219781	1.10540842219781	ENSG00000165424	ZCCHC24
8424	7	1.10469267127721	1.10469267127721	ENSG00000129151	BBOX1
3067	3	1.10295628043734	1.10295628043734	ENSG00000140287	HDC
4064	5	1.10270435194551	1.10270435194551	ENSG00000134061	CD180
51148	2	1.10198260926106	1.10198260926106	ENSG00000167123	CERCAM
6876	2	1.1017410377278	1.1017410377278	ENSG00000149591	TAGLN
57466	10	1.10165694299978	1.10165694299978	ENSG00000156304	SCAF4
56650	6	1.10067664494788	1.10067664494788	ENSG00000080822	CLDND1
347	4	1.10050880884751	1.10050880884751	ENSG00000189058	APOD
1770	4	1.09849006316803	1.09849006316803	ENSG00000007174	DNAH9
57522	10	1.0984676266966	1.0984676266966	ENSG00000196935	SRGAP1
2246	8	1.09767145864217	1.09767145864217	ENSG00000113578	FGF1
3988	3	1.09720577747034	1.09720577747034	ENSG00000107798	LIPA
101926887	2	1.09720577747034	1.09720577747034		
10226	7	1.09531280638554	1.09531280638554	ENSG00000105355	PLIN3
30812	3	1.09515335282164	1.09515335282164	ENSG00000005513	SOX8
649446	8	1.09216947396916	1.09216947396916		
51131	7	1.09159580737215	1.09159580737215	ENSG00000136147	PHF11
60481	7	1.09075178677502	1.09075178677502	ENSG00000012660	ELOVL5
647190	1	1.09075178677502	1.09075178677502		
2153	5	1.08717751374405	1.08717751374405	ENSG00000198734	F5
1318	2	1.08591396692	1.08591396692	ENSG00000136867	SLC31A2
85461	7	1.08536856814889	1.08536856814889	ENSG00000115183	TANC1
4124	7	1.0851733297291	1.0851733297291	ENSG00000112893	MAN2A1
8850	7	1.08365428157441	1.08365428157441	ENSG00000114166	KAT2B
100507303	3	1.08345207954595	1.08345207954595		
6536	3	1.08323381514652	1.08323381514652	ENSG00000196517	SLC6A9
10060	7	1.07846121147055	1.07846121147055	ENSG00000069431	ABCC9
8406	8	1.0772544211212	1.0772544211212	ENSG00000101955	SRPX
138151	8	1.07664785202565	1.07664785202565	ENSG00000148411	NACC2
151011	4	1.07607429516951	1.07607429516951	ENSG00000186522	SEPTIN10
386593	6	1.07585495650423	1.07585495650423		
1375	6	1.07585495650423	1.07585495650423	ENSG00000205560	CPT1B
7099	5	1.07449346369255	1.07449346369255	ENSG00000136869	TLR4
51700	2	1.0740956811183	1.0740956811183	ENSG00000166394	CYB5R2
4166	12	1.07361145417733	1.07361145417733	ENSG00000183196	CHST6
400823	1	1.07229880170114	1.07229880170114	ENSG00000197520	FAM177B
23780	5	1.07131586791327	1.07131586791327	ENSG00000128335	APOL2
162282	4	1.07123510240828	1.07123510240828	ENSG00000153930	ANKFN1
84735	2	1.07065683365699	1.07065683365699	ENSG00000150656	CNDP1
58473	8	1.07031007022725	1.07031007022725	ENSG00000021300	PLEKHB1
221178	9	1.0699676836628	1.0699676836628	ENSG00000182957	SPATA13
221178	9	1.0699676836628	1.0699676836628	ENSG00000228741	SPATA13
28514	9	1.06870801848835	1.06870801848835	ENSG00000275555	DLL1
28514	9	1.06870801848835	1.06870801848835	ENSG00000198719	DLL1
5920	8	1.06822223154918	1.06822223154918	ENSG00000133321	PLAAT4
5021	5	1.0668352372472	1.0668352372472	ENSG00000180914	OXTR
37	7	1.06616116737139	1.06616116737139	ENSG00000072778	ACADVL
2152	4	1.06567984018587	1.06567984018587	ENSG00000117525	F3
10974	6	1.06525179211126	1.06525179211126	ENSG00000148671	ADIRF
64761	6	1.06466998936564	1.06466998936564	ENSG00000059378	PARP12
3759	5	1.06448063104213	1.06448063104213	ENSG00000123700	KCNJ2
347689	1	1.06385024744514	1.06385024744514	ENSG00000242808	SOX2-OT
933	10	1.06358977784374	1.06358977784374	ENSG00000012124	CD22
102724660	2	1.06283826111425	1.06283826111425		
51285	8	1.06282928705321	1.06282928705321	ENSG00000103710	RASL12
26585	2	1.06256201411728	1.06256201411728	ENSG00000276886	GREM1
26585	2	1.06256201411728	1.06256201411728	ENSG00000282046	GREM1
26585	2	1.06256201411728	1.06256201411728	ENSG00000166923	GREM1
7164	7	1.06138242893136	1.06138242893136	ENSG00000111907	TPD52L1
117283	6	1.06067914656503	1.06067914656503	ENSG00000161896	IP6K3
26064	4	1.05856491562186	1.05856491562186	ENSG00000039560	RAI14
313	3	1.05543009026733	1.05543009026733	ENSG00000136250	AOAH
154761	4	1.05398951383867	1.05398951383867		
9182	3	1.05367034439234	1.05367034439234	ENSG00000198774	RASSF9
151242	4	1.05334365981681	1.05334365981681	ENSG00000150722	PPP1R1C
1462	10	1.0521079491496	1.0521079491496	ENSG00000038427	VCAN
220416	1	1.05185363248293	1.05185363248293	ENSG00000173988	LRRC63
4792	6	1.05139590144759	1.05139590144759	ENSG00000100906	NFKBIA
8115	3	1.05056514909242	1.05056514909242	ENSG00000100721	TCL1A
55314	6	1.05003362874855	1.05003362874855	ENSG00000164124	TMEM144
89932	7	1.0498913487475	1.0498913487475	ENSG00000100767	PAPLN
23643	3	1.04877541145373	1.04877541145373	ENSG00000154589	LY96
4065	7	1.04666605175607	1.04666605175607	ENSG00000054219	LY75
100526664	8	1.04666605175607	1.04666605175607	ENSG00000248672	LY75-CD302
9936	7	1.04666605175607	1.04666605175607	ENSG00000241399	CD302
159195	9	1.04470134844918	1.04470134844918	ENSG00000166348	USP54
677	12	1.04244897359342	1.04244897359342	ENSG00000185650	ZFP36L1
25976	4	1.04240192499771	1.04240192499771	ENSG00000163659	TIPARP
760	2	1.04183674699872	1.04183674699872	ENSG00000104267	CA2
23205	5	1.04177432759564	1.04177432759564	ENSG00000103740	ACSBG1
147991	6	1.04093789308168	1.04093789308168	ENSG00000178904	DPY19L3
3554	8	1.04073401496197	1.04073401496197	ENSG00000115594	IL1R1
6662	8	1.03956037341968	1.03956037341968	ENSG00000125398	SOX9
11145	5	1.03874115723349	1.03874115723349	ENSG00000176485	PLAAT3
3426	10	1.03868706208784	1.03868706208784	ENSG00000205403	CFI
4646	6	1.03717133910037	1.03717133910037	ENSG00000196586	MYO6
3936	6	1.03662768109894	1.03662768109894	ENSG00000136167	LCP1
1839	4	1.03636805517022	1.03636805517022	ENSG00000113070	HBEGF
27333	10	1.03487316858637	1.03487316858637	ENSG00000173905	GOLIM4
10912	5	1.03479570082195	1.03479570082195	ENSG00000130222	GADD45G
1052	6	1.03476761190068	1.03476761190068	ENSG00000221869	CEBPD
85329	2	1.03400537200815	1.03400537200815	ENSG00000133317	LGALS12
25891	2	1.03356675667304	1.03356675667304	ENSG00000149090	PAMR1
54796	4	1.03314481208383	1.03314481208383	ENSG00000173068	BNC2
51228	3	1.03202256871775	1.03202256871775	ENSG00000139433	GLTP
143458	5	1.03188705419165	1.03188705419165	ENSG00000179241	LDLRAD3
55365	7	1.02984202039695	1.02984202039695	ENSG00000002933	TMEM176A
100506443	1	1.02953839109352	1.02953839109352	ENSG00000228382	ITPKB-IT1
9510	7	1.02795517098293	1.02795517098293	ENSG00000154734	ADAMTS1
101929637	2	1.02727110013306	1.02727110013306		
348938	2	1.0266680366384	1.0266680366384	ENSG00000172548	NIPAL4
2180	4	1.02633155818232	1.02633155818232	ENSG00000151726	ACSL1
286207	3	1.02472736434761	1.02472736434761	ENSG00000160401	CFAP157
373863	4	1.0235370094231	1.0235370094231	ENSG00000256453	DND1
57493	5	1.01991169701854	1.01991169701854	ENSG00000173706	HEG1
118611	5	1.01857831309505	1.01857831309505	ENSG00000154493	C10orf90
125150	3	1.01804579036685	1.01804579036685	ENSG00000214941	ZSWIM7
23593	6	1.01644163151783	1.01644163151783	ENSG00000051620	HEBP2
9341	7	1.0132205130363	1.0132205130363	ENSG00000049245	VAMP3
2040	13	1.01284905838714	1.01284905838714	ENSG00000148175	STOM
1836	5	1.01275564503256	1.01275564503256	ENSG00000155850	SLC26A2
64098	8	1.01246347149914	1.01246347149914	ENSG00000138964	PARVG
754	9	1.00907386923321	1.00907386923321	ENSG00000183255	PTTG1IP
107983983	2	1.00885647308501	1.00885647308501		
102723407	2	1.00885647308501	1.00885647308501		
102724971	2	1.00885647308501	1.00885647308501		
140	11	1.00829257156478	1.00829257156478	ENSG00000282608	ADORA3
105379528	3	1.00804332568193	1.00804332568193		
28912	3	1.00804332568193	1.00804332568193		
387486	2	1.0057228469884	1.0057228469884	ENSG00000224924	LINC00320
55589	9	1.00505127414476	1.00505127414476	ENSG00000138756	BMP2K
391267	6	1.00441871845277	1.00441871845277	ENSG00000291280	ANKRD20A11P
105379426	4	1.00441871845277	1.00441871845277		
196527	7	1.00263616840054	1.00263616840054	ENSG00000177119	ANO6
6142	5	1.00169328764543	1.00169328764543	ENSG00000105640	RPL18A
306	6	1.0004428246721	1.0004428246721	ENSG00000138772	ANXA3
2554	11	3.6213855832067	-3.6213855832067	ENSG00000022355	GABRA1
22895	11	3.44144557435114	-3.44144557435114	ENSG00000089169	RPH3A
9118	9	3.39380303977585	-3.39380303977585	ENSG00000148798	INA
101954277	1	3.32950807588454	-3.32950807588454	ENSG00000275538	RNVU1-19
114569	10	3.24779646416263	-3.24779646416263	ENSG00000147676	MAL2
388662	8	3.16068286048502	-3.16068286048502	ENSG00000197106	SLC6A17
132204	2	3.13152759712741	-3.13152759712741	ENSG00000163630	SYNPR
115827	10	3.03183731622406	-3.03183731622406	ENSG00000152932	RAB3C
11075	11	2.98995307495637	-2.98995307495637	ENSG00000104435	STMN2
1159	5	2.98276717137385	-2.98276717137385	ENSG00000237289	CKMT1B
1159	5	2.98276717137385	-2.98276717137385	ENSG00000223572	CKMT1A
548596	5	2.98276717137385	-2.98276717137385	ENSG00000237289	CKMT1B
548596	5	2.98276717137385	-2.98276717137385	ENSG00000223572	CKMT1A
55530	11	2.96206661611658	-2.96206661611658	ENSG00000166111	SVOP
9568	11	2.9402194192611	-2.9402194192611	ENSG00000136928	GABBR2
6857	10	2.90231642465443	-2.90231642465443	ENSG00000067715	SYT1
401190	6	2.88038784000508	-2.88038784000508	ENSG00000186479	RGS7BP
25830	8	2.85632587569377	-2.85632587569377	ENSG00000130540	SULT4A1
131034	9	2.81636101068106	-2.81636101068106	ENSG00000196353	CPNE4
57468	6	2.80083455044419	-2.80083455044419	ENSG00000124140	SLC12A5
2558	12	2.79263236867939	-2.79263236867939	ENSG00000186297	GABRA5
2904	11	2.77818248621387	-2.77818248621387	ENSG00000273079	GRIN2B
399947	10	2.77738453152229	-2.77738453152229	ENSG00000185742	C11orf87
5798	8	2.76405932406575	-2.76405932406575	ENSG00000054356	PTPRN
222865	4	2.75976368679103	-2.75976368679103	ENSG00000166448	TMEM130
1114	9	2.74886649521706	-2.74886649521706	ENSG00000089199	CHGB
815	7	2.69975087975612	-2.69975087975612	ENSG00000070808	CAMK2A
5582	4	2.69502160881602	-2.69502160881602	ENSG00000126583	PRKCG
6588	10	2.6715029451697	-2.6715029451697	ENSG00000170290	SLN
57282	5	2.65509562829707	-2.65509562829707	ENSG00000144290	SLC4A10
23349	7	2.62703365626325	-2.62703365626325	ENSG00000122733	PHF24
79012	7	2.62302049796109	-2.62302049796109	ENSG00000164076	CAMKV
55531	11	2.61928966482626	-2.61928966482626	ENSG00000110675	ELMOD1
146713	7	2.61834365168132	-2.61834365168132	ENSG00000167281	RBFOX3
9758	8	2.61831132609298	-2.61831132609298	ENSG00000169933	FRMPD4
140767	9	2.61805058382717	-2.61805058382717	ENSG00000152954	NRSN1
6326	10	2.61326341962089	-2.61326341962089	ENSG00000136531	SCN2A
7070	11	2.60892644099018	-2.60892644099018	ENSG00000154096	THY1
6853	7	2.59846173758762	-2.59846173758762	ENSG00000008056	SYN1
10368	10	2.59315775065181	-2.59315775065181	ENSG00000006116	CACNG3
64409	9	2.59210969191573	-2.59210969191573	ENSG00000185274	GALNT17
1993	8	2.58244752522133	-2.58244752522133	ENSG00000107105	ELAVL2
6620	6	2.57948443485631	-2.57948443485631	ENSG00000074317	SNCB
6860	11	2.56549022927839	-2.56549022927839	ENSG00000132872	SYT4
2561	7	2.55810065552939	-2.55810065552939	ENSG00000145864	GABRB2
29993	7	2.55544152115577	-2.55544152115577	ENSG00000124507	PACSIN1
8507	10	2.54699450594179	-2.54699450594179	ENSG00000171617	ENC1
151009	8	2.54495139498393	-2.54495139498393		
440894	8	2.54495139498393	-2.54495139498393	ENSG00000204588	LINC01123
5126	8	2.5379024139257	-2.5379024139257	ENSG00000125851	PCSK2
2596	11	2.53636488236859	-2.53636488236859	ENSG00000172020	GAP43
256714	4	2.53175321662984	-2.53175321662984	ENSG00000184368	MAP7D2
7447	10	2.53004088349934	-2.53004088349934	ENSG00000163032	VSNL1
273	5	2.51886563109171	-2.51886563109171	ENSG00000078053	AMPH
56675	9	2.51502036217987	-2.51502036217987	ENSG00000175352	NRIP3
1759	8	2.51426533766759	-2.51426533766759	ENSG00000106976	DNM1
793	12	2.49702691154154	-2.49702691154154	ENSG00000104327	CALB1
5122	8	2.46842620945242	-2.46842620945242	ENSG00000175426	PCSK1
10815	8	2.44192280953358	-2.44192280953358	ENSG00000168993	CPLX1
57172	6	2.43915973832418	-2.43915973832418	ENSG00000008118	CAMK1G
63982	7	2.43100869237868	-2.43100869237868	ENSG00000134343	ANO3
2845	8	2.42809324186565	-2.42809324186565	ENSG00000283812	GPR22
2845	8	2.42809324186565	-2.42809324186565	ENSG00000172209	GPR22
2557	10	2.4249620081968	-2.4249620081968	ENSG00000109158	GABRA4
118427	10	2.42243094099071	-2.42243094099071	ENSG00000118733	OLFM3
51299	10	2.41225612906787	-2.41225612906787	ENSG00000124785	NRN1
1016	7	2.40978653330933	-2.40978653330933	ENSG00000145526	CDH18
79698	8	2.40321574529	-2.40321574529	ENSG00000165061	ZMAT4
9899	10	2.39935458581376	-2.39935458581376	ENSG00000185518	SV2B
9796	3	2.37861560634042	-2.37861560634042	ENSG00000168490	PHYHIP
3897	6	2.3774642296093	-2.3774642296093	ENSG00000198910	L1CAM
3208	9	2.37236143186786	-2.37236143186786	ENSG00000121905	HPCA
10125	10	2.3600834518871	-2.3600834518871	ENSG00000172575	RASGRP1
1113	4	2.35689409065365	-2.35689409065365	ENSG00000276781	CHGA
1113	4	2.35689409065365	-2.35689409065365	ENSG00000100604	CHGA
158038	7	2.34878022371295	-2.34878022371295	ENSG00000174482	LINGO2
85352	6	2.3399196820952	-2.3399196820952	ENSG00000138944	SHISAL1
1007	7	2.33566319342301	-2.33566319342301	ENSG00000113100	CDH9
151835	5	2.33478586913546	-2.33478586913546	ENSG00000144550	CPNE9
1996	7	2.33309183320856	-2.33309183320856	ENSG00000162374	ELAVL4
55800	12	2.33132163682823	-2.33132163682823	ENSG00000166257	SCN3B
9783	5	2.31064955578774	-2.31064955578774	ENSG00000117016	RIMS3
165679	2	2.31047816713468	-2.31047816713468	ENSG00000196542	SPTSSB
5816	6	2.31032787069572	-2.31032787069572	ENSG00000274665	PVALB
5816	6	2.31032787069572	-2.31032787069572	ENSG00000100362	PVALB
5138	8	2.31003719879997	-2.31003719879997	ENSG00000186642	PDE2A
4884	6	2.30732696107764	-2.30732696107764	ENSG00000171246	NPTX1
220164	12	2.3044436837629	-2.3044436837629	ENSG00000206052	DOK6
5950	7	2.29736028234235	-2.29736028234235	ENSG00000138207	RBP4
23025	7	2.28175109850468	-2.28175109850468	ENSG00000130477	UNC13A
2556	5	2.28100610713729	-2.28100610713729	ENSG00000011677	GABRA3
5864	7	2.28050647770948	-2.28050647770948	ENSG00000105649	RAB3A
401994	4	2.26837205688292	-2.26837205688292	ENSG00000189181	OR14I1
55074	11	2.26325782026247	-2.26325782026247	ENSG00000164830	OXR1
10964	2	2.25979924713175	-2.25979924713175	ENSG00000137959	IFI44L
767606	1	2.25788509005861	-2.25788509005861	ENSG00000200413	SNORD114-26
107	8	2.2487633731557	-2.2487633731557	ENSG00000164742	ADCY1
767564	3	2.24414852998099	-2.24414852998099	ENSG00000201672	SNORD113-4
376267	10	2.23561836217001	-2.23561836217001	ENSG00000139998	RAB15
54715	9	2.23554841719467	-2.23554841719467	ENSG00000078328	RBFOX1
112609	4	2.23493802981831	-2.23493802981831	ENSG00000135324	MRAP2
283209	10	2.22948848241927	-2.22948848241927	ENSG00000165434	PGM2L1
23040	8	2.22551059062135	-2.22551059062135	ENSG00000186487	MYT1L
27012	12	2.2166822944161	-2.2166822944161	ENSG00000164794	KCNV1
5801	12	2.20119842659367	-2.20119842659367	ENSG00000153233	PTPRR
491	10	2.19738854823156	-2.19738854823156	ENSG00000157087	ATP2B2
5865	10	2.17188860544938	-2.17188860544938	ENSG00000169213	RAB3B
9615	9	2.16892531752467	-2.16892531752467	ENSG00000119125	GDA
2785	10	2.16791117276696	-2.16791117276696	ENSG00000162188	GNG3
260293	6	2.1560463904993	-2.1560463904993	ENSG00000186377	CYP4X1
9547	5	2.15153806034569	-2.15153806034569	ENSG00000145824	CXCL14
222008	8	2.14992182808455	-2.14992182808455	ENSG00000170419	VSTM2A
152330	8	2.14935438858738	-2.14935438858738	ENSG00000144619	CNTN4
25758	8	2.14659011250131	-2.14659011250131	ENSG00000110427	KIAA1549L
56479	6	2.14406914246814	-2.14406914246814	ENSG00000185760	KCNQ5
2043	12	2.14249663380236	-2.14249663380236	ENSG00000116106	EPHA4
767579	1	2.14059479652626	-2.14059479652626	ENSG00000201839	SNORD114-3
9148	7	2.13781758573556	-2.13781758573556	ENSG00000107954	NEURL1
2254	7	2.13145058398877	-2.13145058398877	ENSG00000102678	FGF9
80309	8	2.12433129418722	-2.12433129418722	ENSG00000153820	SPHKAP
4233	8	2.12142870186215	-2.12142870186215	ENSG00000105976	MET
60680	10	2.12087019710986	-2.12087019710986	ENSG00000161082	CELF5
10777	10	2.11595718680501	-2.11595718680501	ENSG00000172995	ARPP21
642968	5	2.11102034008118	-2.11102034008118	ENSG00000196990	FAM163B
50944	7	2.10511288372629	-2.10511288372629	ENSG00000161681	SHANK1
1131	7	2.10306309064737	-2.10306309064737	ENSG00000133019	CHRM3
147381	5	2.10164544498295	-2.10164544498295	ENSG00000141668	CBLN2
57626	4	2.10068875433719	-2.10068875433719	ENSG00000150361	KLHL1
84708	8	2.09995872586881	-2.09995872586881	ENSG00000072201	LNX1
8514	6	2.09784245239049	-2.09784245239049	ENSG00000069424	KCNAB2
767578	2	2.08646729626136	-2.08646729626136	ENSG00000200823	SNORD114-2
51761	8	2.08616003706968	-2.08616003706968	ENSG00000132932	ATP8A2
51617	10	2.07894422398225	-2.07894422398225	ENSG00000170091	NSG2
9890	12	2.07625997038951	-2.07625997038951	ENSG00000117600	PLPPR4
10486	12	2.05960217372498	-2.05960217372498	ENSG00000112186	CAP2
166752	8	2.05542108659633	-2.05542108659633	ENSG00000183090	FREM3
2572	10	2.05486661326132	-2.05486661326132	ENSG00000136750	GAD2
6855	9	2.05268898667077	-2.05268898667077	ENSG00000102003	SYP
57338	9	2.05129964523721	-2.05129964523721	ENSG00000154118	JPH3
6861	9	2.04547746151234	-2.04547746151234	ENSG00000129990	SYT5
27075	5	2.04433691193111	-2.04433691193111	ENSG00000106537	TSPAN13
53335	11	2.03630295420952	-2.03630295420952	ENSG00000119866	BCL11A
23108	6	2.03225837146658	-2.03225837146658	ENSG00000132359	RAP1GAP2
338811	6	2.0309180779266	-2.0309180779266	ENSG00000198673	TAFA2
266722	10	2.02992649003085	-2.02992649003085	ENSG00000185352	HS6ST3
51412	6	2.0296136628074	-2.0296136628074	ENSG00000077080	ACTL6B
90249	3	2.02946332900622	-2.02946332900622	ENSG00000113763	UNC5A
400120	11	2.02145292187685	-2.02145292187685	ENSG00000180440	SERTM1
5575	5	2.02003946747106	-2.02003946747106	ENSG00000188191	PRKAR1B
2039	5	2.01500443224533	-2.01500443224533	ENSG00000158856	DMTN
11122	5	2.01368346556492	-2.01368346556492	ENSG00000196090	PTPRT
4905	10	2.00345682239435	-2.00345682239435	ENSG00000276262	NSF
4905	10	2.00345682239435	-2.00345682239435	ENSG00000278174	NSF
4905	10	2.00345682239435	-2.00345682239435	ENSG00000073969	NSF
814	14	1.99669032492361	-1.99669032492361	ENSG00000152495	CAMK4
4978	11	1.99655975368149	-1.99655975368149	ENSG00000183715	OPCML
10716	5	1.99487541877973	-1.99487541877973	ENSG00000136535	TBR1
51046	9	1.99195746452879	-1.99195746452879	ENSG00000177511	ST8SIA3
3361	8	1.98126781618135	-1.98126781618135	ENSG00000157219	HTR5A
3763	9	1.97405471279737	-1.97405471279737	ENSG00000157542	KCNJ6
57582	6	1.96823921343876	-1.96823921343876	ENSG00000107147	KCNT1
6750	13	1.96738983372913	-1.96738983372913	ENSG00000157005	SST
389073	6	1.96072938962686	-1.96072938962686	ENSG00000188674	C2orf80
4753	9	1.96049415682893	-1.96049415682893	ENSG00000184613	NELL2
59350	10	1.96032571482081	-1.96032571482081	ENSG00000171509	RXFP1
677808	2	1.95340043852167	-1.95340043852167	ENSG00000201998	SNORA23
29114	9	1.95322739141425	-1.95322739141425	ENSG00000144834	TAGLN3
777	9	1.9528286232745	-1.9528286232745	ENSG00000198216	CACNA1E
2259	7	1.9521007975858	-1.9521007975858	ENSG00000102466	FGF14
22987	2	1.94995477347187	-1.94995477347187	ENSG00000122012	SV2C
2675	8	1.94933768923991	-1.94933768923991	ENSG00000168546	GFRA2
1010	12	1.94628019258665	-1.94628019258665	ENSG00000154162	CDH12
2835	8	1.94554421943434	-1.94554421943434	ENSG00000132975	GPR12
3356	11	1.94508409338575	-1.94508409338575	ENSG00000102468	HTR2A
6863	9	1.9387712509698	-1.9387712509698	ENSG00000006128	TAC1
57084	3	1.93806883429117	-1.93806883429117	ENSG00000091664	SLC17A6
7533	10	1.93093700570091	-1.93093700570091	ENSG00000128245	YWHAH
200407	8	1.93017569335556	-1.93017569335556	ENSG00000175874	CREG2
116986	9	1.92856838597398	-1.92856838597398	ENSG00000135439	AGAP2
6000	12	1.92382873266846	-1.92382873266846	ENSG00000182901	RGS7
816	8	1.92176303020362	-1.92176303020362	ENSG00000058404	CAMK2B
196500	4	1.92168046337814	-1.92168046337814	ENSG00000139200	PIANP
9645	8	1.9186946867457	-1.9186946867457	ENSG00000133816	MICAL2
8618	9	1.9182863578391	-1.9182863578391	ENSG00000163618	CADPS
57699	8	1.91603889954705	-1.91603889954705	ENSG00000124772	CPNE5
6327	6	1.91593322859215	-1.91593322859215	ENSG00000149575	SCN2B
8941	11	1.91556219490222	-1.91556219490222	ENSG00000171450	CDK5R2
8927	6	1.91314996317256	-1.91314996317256	ENSG00000164061	BSN
84144	2	1.91295832401908	-1.91295832401908	ENSG00000097096	SYDE2
146330	7	1.91030897063253	-1.91030897063253	ENSG00000127585	FBXL16
5063	10	1.9063034077626	-1.9063034077626	ENSG00000077264	PAK3
5153	8	1.90333709843075	-1.90333709843075	ENSG00000123360	PDE1B
2562	9	1.89390589837958	-1.89390589837958	ENSG00000166206	GABRB3
4185	6	1.89270495960157	-1.89270495960157	ENSG00000073670	ADAM11
26507	3	1.88916167469286	-1.88916167469286	ENSG00000119946	CNNM1
84530	3	1.87727193667948	-1.87727193667948	ENSG00000139767	SRRM4
27165	4	1.87559748216643	-1.87559748216643	ENSG00000135423	GLS2
442213	2	1.87373354850726	-1.87373354850726	ENSG00000244694	PTCHD4
29887	10	1.870694019257	-1.870694019257	ENSG00000086300	SNX10
23109	5	1.86751133403238	-1.86751133403238	ENSG00000181418	DDN
128434	10	1.86296564455673	-1.86296564455673	ENSG00000132821	VSTM2L
27445	11	1.86192742270027	-1.86192742270027	ENSG00000186472	PCLO
3786	10	1.85791799855905	-1.85791799855905	ENSG00000184156	KCNQ3
83851	7	1.85633906299181	-1.85633906299181	ENSG00000139973	SYT16
80144	6	1.85546794493819	-1.85546794493819	ENSG00000138759	FRAS1
129684	8	1.85016518429555	-1.85016518429555	ENSG00000155052	CNTNAP5
90134	10	1.84698624728715	-1.84698624728715	ENSG00000184611	KCNH7
784	8	1.84610294679547	-1.84610294679547	ENSG00000167535	CACNB3
3737	5	1.84151751754059	-1.84151751754059	ENSG00000177301	KCNA2
81832	13	1.84026796420424	-1.84026796420424	ENSG00000166342	NETO1
1012	12	1.84004401254613	-1.84004401254613	ENSG00000140945	CDH13
10439	12	1.83925587575818	-1.83925587575818	ENSG00000130558	OLFM1
2743	10	1.8391560428827	-1.8391560428827	ENSG00000109738	GLRB
157807	10	1.83826259766451	-1.83826259766451	ENSG00000177182	CLVS1
57552	9	1.82829213841254	-1.82829213841254	ENSG00000144959	NCEH1
2583	8	1.82570231204523	-1.82570231204523	ENSG00000135454	B4GALNT1
2257	11	1.82229262699925	-1.82229262699925	ENSG00000114279	FGF12
29953	9	1.81901614038959	-1.81901614038959	ENSG00000072657	TRHDE
10900	8	1.81671524737088	-1.81671524737088	ENSG00000108309	RUNDC3A
10776	10	1.81659790476129	-1.81659790476129	ENSG00000128989	ARPP19
151126	8	1.81431310806795	-1.81431310806795	ENSG00000144331	ZNF385B
1428	9	1.81245546719106	-1.81245546719106	ENSG00000103316	CRYM
8284	2	1.80936567053116	-1.80936567053116	ENSG00000012817	KDM5D
11069	6	1.80824871070104	-1.80824871070104	ENSG00000091428	RAPGEF4
81491	3	1.8062257051631	-1.8062257051631	ENSG00000112218	GPR63
4900	6	1.80431193514934	-1.80431193514934	ENSG00000154146	NRGN
22865	5	1.80259644007721	-1.80259644007721	ENSG00000121871	SLITRK3
144423	6	1.80115035516422	-1.80115035516422	ENSG00000151948	GLT1D1
6712	5	1.79463676078294	-1.79463676078294	ENSG00000173898	SPTBN2
23544	11	1.79395087488676	-1.79395087488676	ENSG00000100095	SEZ6L
3157	10	1.79097140634476	-1.79097140634476	ENSG00000112972	HMGCS1
2911	7	1.78977464233278	-1.78977464233278	ENSG00000152822	GRM1
10409	10	1.78771607509574	-1.78771607509574	ENSG00000176788	BASP1
163404	12	1.7847290448851	-1.7847290448851	ENSG00000117598	PLPPR5
55061	6	1.77754616191477	-1.77754616191477	ENSG00000143502	SUSD4
83394	8	1.77444467359033	-1.77444467359033	ENSG00000091622	PITPNM3
9892	9	1.77371916991472	-1.77371916991472	ENSG00000065609	SNAP91
253152	5	1.77007972813911	-1.77007972813911	ENSG00000172031	EPHX4
9912	10	1.76752263888961	-1.76752263888961	ENSG00000006740	ARHGAP44
2563	6	1.76656927895275	-1.76656927895275	ENSG00000187730	GABRD
374383	5	1.76538870835158	-1.76538870835158	ENSG00000188211	NCR3LG1
2571	8	1.76364374348719	-1.76364374348719	ENSG00000128683	GAD1
401097	8	1.75528906914195	-1.75528906914195	ENSG00000180044	C3orf80
4133	9	1.75227123141178	-1.75227123141178	ENSG00000078018	MAP2
9867	9	1.74907472583121	-1.74907472583121	ENSG00000198961	PJA2
85300	8	1.74864703485473	-1.74864703485473	ENSG00000167654	ATCAY
956	6	1.74238616038437	-1.74238616038437	ENSG00000168032	ENTPD3
1742	6	1.73654677286023	-1.73654677286023	ENSG00000132535	DLG4
2774	8	1.73134952327389	-1.73134952327389	ENSG00000141404	GNAL
8997	9	1.72718696472716	-1.72718696472716	ENSG00000160145	KALRN
9228	7	1.7256746643105	-1.7256746643105	ENSG00000282103	DLGAP2
9228	7	1.7256746643105	-1.7256746643105	ENSG00000282152	DLGAP2
9228	7	1.7256746643105	-1.7256746643105	ENSG00000274161	DLGAP2
9228	7	1.7256746643105	-1.7256746643105	ENSG00000282318	DLGAP2
9228	7	1.7256746643105	-1.7256746643105	ENSG00000198010	DLGAP2
3739	6	1.72541206760839	-1.72541206760839	ENSG00000182255	KCNA4
7277	8	1.72185519954696	-1.72185519954696	ENSG00000127824	TUBA4A
145581	4	1.72182200454288	-1.72182200454288	ENSG00000165379	LRFN5
5055	2	1.72083038001455	-1.72083038001455	ENSG00000197632	SERPINB2
8781	2	1.72023679838265	-1.72023679838265		
55294	9	1.7170450478582	-1.7170450478582	ENSG00000109670	FBXW7
9143	7	1.71609035891351	-1.71609035891351	ENSG00000127561	SYNGR3
25789	9	1.71594207226413	-1.71594207226413	ENSG00000105696	TMEM59L
56341	11	1.71471502856626	-1.71471502856626	ENSG00000111218	PRMT8
10769	11	1.71232608955826	-1.71232608955826	ENSG00000145632	PLK2
348980	11	1.70855555501527	-1.70855555501527	ENSG00000164588	HCN1
51440	9	1.70792586198752	-1.70792586198752	ENSG00000116983	HPCAL4
493911	5	1.70791597371304	-1.70791597371304	ENSG00000144362	PHOSPHO2
114786	10	1.70338161934165	-1.70338161934165	ENSG00000206579	XKR4
4293	7	1.70287311946338	-1.70287311946338	ENSG00000006432	MAP3K9
254263	7	1.70022595507157	-1.70022595507157	ENSG00000174871	CNIH2
794	5	1.69115095734963	-1.69115095734963	ENSG00000282830	CALB2
794	5	1.69115095734963	-1.69115095734963	ENSG00000172137	CALB2
54704	10	1.6906234924124	-1.6906234924124	ENSG00000164951	PDP1
3785	8	1.68943090376865	-1.68943090376865	ENSG00000281151	KCNQ2
3785	8	1.68943090376865	-1.68943090376865	ENSG00000075043	KCNQ2
51560	10	1.68819609095033	-1.68819609095033	ENSG00000154917	RAB6B
100533184	7	1.68781612659505	-1.68781612659505		
57528	7	1.6845374190003	-1.6845374190003	ENSG00000183775	KCTD16
9348	7	1.68221483612791	-1.68221483612791	ENSG00000164100	NDST3
767563	3	1.67920913942461	-1.67920913942461	ENSG00000201700	SNORD113-3
23266	6	1.67831191961637	-1.67831191961637	ENSG00000117114	ADGRL2
64137	6	1.67795452912899	-1.67795452912899	ENSG00000172350	ABCG4
65997	7	1.67620024825231	-1.67620024825231	ENSG00000128045	RASL11B
1128	8	1.6732879845416	-1.6732879845416	ENSG00000168539	CHRM1
25822	6	1.67253219556611	-1.67253219556611	ENSG00000137094	DNAJB5
554236	2	1.67024548786162	-1.67024548786162		
150726	5	1.6683368908331	-1.6683368908331	ENSG00000163013	FBXO41
65009	11	1.66521056729299	-1.66521056729299	ENSG00000103034	NDRG4
9312	8	1.66387318562856	-1.66387318562856	ENSG00000182674	KCNB2
114134	11	1.65713786127492	-1.65713786127492	ENSG00000151229	SLC2A13
100862680	5	1.65029589684946	-1.65029589684946	ENSG00000256193	LINC00507
84539	8	1.64894452931899	-1.64894452931899	ENSG00000152034	MCHR2
84553	8	1.64415882992427	-1.64415882992427	ENSG00000146267	FAXC
53942	7	1.64056319408746	-1.64056319408746	ENSG00000149972	CNTN5
7857	11	1.63934832348453	-1.63934832348453	ENSG00000171951	SCG2
57512	9	1.63862525945611	-1.63862525945611	ENSG00000151025	GPR158
728798	9	1.63555054728865	-1.63555054728865		
143162	9	1.63555054728865	-1.63555054728865	ENSG00000170324	FRMPD2
402665	4	1.63402220943759	-1.63402220943759	ENSG00000142549	IGLON5
1821	5	1.62844386658327	-1.62844386658327	ENSG00000102385	DRP2
26034	5	1.62662384868317	-1.62662384868317	ENSG00000074706	IPCEF1
3131	7	1.62503366534648	-1.62503366534648	ENSG00000108924	HLF
10550	9	1.62446666455623	-1.62446666455623	ENSG00000144746	ARL6IP5
90523	7	1.62237520829595	-1.62237520829595	ENSG00000146147	MLIP
7432	10	1.61750690022212	-1.61750690022212	ENSG00000146469	VIP
132332	9	1.61540113998208	-1.61540113998208	ENSG00000164112	SMIM43
79750	10	1.61359768369349	-1.61359768369349	ENSG00000151789	ZNF385D
7534	14	1.61302383461694	-1.61302383461694	ENSG00000164924	YWHAZ
1008	7	1.61231714558333	-1.61231714558333	ENSG00000040731	CDH10
81831	15	1.60890663246022	-1.60890663246022	ENSG00000171208	NETO2
534	11	1.60832087045319	-1.60832087045319	ENSG00000234920	ATP6V1G2
534	11	1.60832087045319	-1.60832087045319	ENSG00000226850	ATP6V1G2
534	11	1.60832087045319	-1.60832087045319	ENSG00000234668	ATP6V1G2
534	11	1.60832087045319	-1.60832087045319	ENSG00000230900	ATP6V1G2
534	11	1.60832087045319	-1.60832087045319	ENSG00000206445	ATP6V1G2
534	11	1.60832087045319	-1.60832087045319	ENSG00000227587	ATP6V1G2
534	11	1.60832087045319	-1.60832087045319	ENSG00000213760	ATP6V1G2
6785	11	1.60522281247671	-1.60522281247671	ENSG00000118402	ELOVL4
10962	11	1.60149326601797	-1.60149326601797	ENSG00000213190	MLLT11
6586	11	1.59777818213753	-1.59777818213753	ENSG00000184347	SLIT3
5121	10	1.59742195763155	-1.59742195763155	ENSG00000183036	PCP4
7224	8	1.59338171926633	-1.59338171926633	ENSG00000072315	TRPC5
1123	10	1.59327670807417	-1.59327670807417	ENSG00000128656	CHN1
2849	13	1.58900003464665	-1.58900003464665	ENSG00000154478	GPR26
7754	8	1.58779998024463	-1.58779998024463		
65055	13	1.58418907942955	-1.58418907942955	ENSG00000068615	REEP1
887	11	1.58335655612879	-1.58335655612879	ENSG00000110148	CCKBR
5774	8	1.58282101261803	-1.58282101261803	ENSG00000070159	PTPN3
9495	12	1.58060793708717	-1.58060793708717	ENSG00000179841	AKAP5
490	12	1.58038188916952	-1.58038188916952	ENSG00000070961	ATP2B1
4826	11	1.57581600240284	-1.57581600240284	ENSG00000053438	NNAT
7781	10	1.57364181284143	-1.57364181284143	ENSG00000115194	SLC30A3
84258	6	1.57098183285788	-1.57098183285788	ENSG00000213023	SYT3
121952	2	1.56834643910092	-1.56834643910092	ENSG00000290918	METTL21EP
134829	6	1.56419412084618	-1.56419412084618	ENSG00000146352	CLVS2
63974	11	1.56086831627081	-1.56086831627081	ENSG00000164600	NEUROD6
3797	7	1.55835286852577	-1.55835286852577	ENSG00000084731	KIF3C
9804	9	1.55740939541172	-1.55740939541172	ENSG00000173726	TOMM20
64084	6	1.5562787804999	-1.5562787804999	ENSG00000158258	CLSTN2
55638	4	1.55200474783457	-1.55200474783457	ENSG00000147642	SYBU
57476	5	1.55017842786457	-1.55017842786457	ENSG00000023171	GRAMD1B
5179	8	1.54575355816305	-1.54575355816305	ENSG00000181195	PENK
6623	2	1.53203895347669	-1.53203895347669	ENSG00000173267	SNCG
266812	5	1.53082453947164	-1.53082453947164	ENSG00000177432	NAP1L5
146760	8	1.52626400586255	-1.52626400586255	ENSG00000185924	RTN4RL1
23504	9	1.52525499943979	-1.52525499943979	ENSG00000060709	RIMBP2
6804	10	1.52516835261192	-1.52516835261192	ENSG00000106089	STX1A
9900	8	1.52459870702665	-1.52459870702665	ENSG00000159164	SV2A
5662	3	1.52031605863132	-1.52031605863132	ENSG00000059915	PSD
100124536	1	1.51595519746876	-1.51595519746876	ENSG00000200394	SNORA38B
4142	5	1.51319484118299	-1.51319484118299	ENSG00000130368	MAS1
147	6	1.51291109872257	-1.51291109872257	ENSG00000170214	ADRA1B
27239	5	1.51275199711439	-1.51275199711439	ENSG00000250510	GPR162
22866	11	1.51080436027625	-1.51080436027625	ENSG00000149970	CNKSR2
3382	8	1.50943639634918	-1.50943639634918	ENSG00000003147	ICA1
219578	3	1.50807721029194	-1.50807721029194	ENSG00000182348	ZNF804B
128646	2	1.50800569850371	-1.50800569850371	ENSG00000125900	SIRPD
2917	8	1.50768839286686	-1.50768839286686	ENSG00000196277	GRM7
758	5	1.50514836956738	-1.50514836956738	ENSG00000186732	MPPED1
10476	7	1.50183377382907	-1.50183377382907	ENSG00000167863	ATP5PD
11215	7	1.5017505543755	-1.5017505543755	ENSG00000023516	AKAP11
23281	5	1.4999541292935	-1.4999541292935	ENSG00000132938	MTUS2
283576	1	1.49959351768079	-1.49959351768079	ENSG00000177108	ZDHHC22
57624	5	1.49732245848243	-1.49732245848243	ENSG00000144460	NYAP2
412	10	1.49584884012425	-1.49584884012425	ENSG00000101846	STS
55799	5	1.49545290603445	-1.49545290603445	ENSG00000157445	CACNA2D3
170261	7	1.49306389902349	-1.49306389902349	ENSG00000174460	ZCCHC12
23741	6	1.49259970335821	-1.49259970335821	ENSG00000255302	EID1
402117	3	1.4898881001006	-1.4898881001006	ENSG00000174453	VWC2L
440730	2	1.48907034744171	-1.48907034744171	ENSG00000119283	TRIM67
117247	4	1.48835499524664	-1.48835499524664	ENSG00000112394	SLC16A10
55859	11	1.48683623197865	-1.48683623197865	ENSG00000133169	BEX1
56271	7	1.48553890663248	-1.48553890663248	ENSG00000102409	BEX4
9315	16	1.48469941439884	-1.48469941439884	ENSG00000134986	NREP
144203	2	1.48394439599173	-1.48394439599173		
408186	1	1.48394439599173	-1.48394439599173		
284716	7	1.48341294526071	-1.48341294526071	ENSG00000177181	RIMKLA
2555	9	1.48262977109887	-1.48262977109887	ENSG00000151834	GABRA2
9456	10	1.48143608702083	-1.48143608702083	ENSG00000152413	HOMER1
3760	9	1.48134444182096	-1.48134444182096	ENSG00000162989	KCNJ3
56475	10	1.48102317026423	-1.48102317026423	ENSG00000177519	RPRM
285696	3	1.48100823733246	-1.48100823733246		
2903	10	1.4808609105411	-1.4808609105411	ENSG00000183454	GRIN2A
1741	13	1.47840831537227	-1.47840831537227	ENSG00000082458	DLG3
91584	12	1.47657389384316	-1.47657389384316	ENSG00000221866	PLXNA4
50614	6	1.47634314888362	-1.47634314888362	ENSG00000288490	GALNT9
50614	6	1.47634314888362	-1.47634314888362	ENSG00000182870	GALNT9
2258	12	1.47231895356964	-1.47231895356964	ENSG00000129682	FGF13
116369	2	1.47160429993237	-1.47160429993237	ENSG00000112053	SLC26A8
3780	3	1.47154068341458	-1.47154068341458	ENSG00000105642	KCNN1
8577	12	1.46823286386262	-1.46823286386262	ENSG00000241697	TMEFF1
100526694	13	1.46823286386262	-1.46823286386262	ENSG00000251349	MSANTD3-TMEFF1
3777	9	1.46797976828379	-1.46797976828379	ENSG00000171303	KCNK3
8867	12	1.46620785932663	-1.46620785932663	ENSG00000159082	SYNJ1
23236	11	1.46578895956812	-1.46578895956812	ENSG00000182621	PLCB1
6014	7	1.46531271884563	-1.46531271884563	ENSG00000152214	RIT2
8541	3	1.46403522638263	-1.46403522638263	ENSG00000177380	PPFIA3
79751	7	1.46373867985127	-1.46373867985127	ENSG00000177542	SLC25A22
252995	8	1.46324385943389	-1.46324385943389	ENSG00000160097	FNDC5
149111	9	1.46053838431852	-1.46053838431852	ENSG00000143786	CNIH3
7102	6	1.45513398191771	-1.45513398191771	ENSG00000156298	TSPAN7
53822	9	1.45484574710709	-1.45484574710709	ENSG00000221946	FXYD7
10893	6	1.45337710141765	-1.45337710141765	ENSG00000125966	MMP24
6192	1	1.45116479131553	-1.45116479131553	ENSG00000129824	RPS4Y1
6812	9	1.44754074333096	-1.44754074333096	ENSG00000136854	STXBP1
54331	10	1.44316857783699	-1.44316857783699	ENSG00000186469	GNG2
677771	2	1.44304825810511	-1.44304825810511	ENSG00000281394	SCARNA4
3751	7	1.44251353837532	-1.44251353837532	ENSG00000184408	KCND2
25791	10	1.44220143945782	-1.44220143945782	ENSG00000066248	NGEF
23768	4	1.44085989846805	-1.44085989846805	ENSG00000185070	FLRT2
8506	5	1.4407008038416	-1.4407008038416	ENSG00000108797	CNTNAP1
57144	11	1.43939588457766	-1.43939588457766	ENSG00000101349	PAK5
646113	11	1.43917575925264	-1.43917575925264		
222662	3	1.43799018189831	-1.43799018189831	ENSG00000197753	LHFPL5
57495	8	1.43761861795618	-1.43761861795618	ENSG00000174145	NWD2
8825	8	1.43526165305152	-1.43526165305152	ENSG00000111052	LIN7A
8715	7	1.43350637201262	-1.43350637201262	ENSG00000101746	NOL4
4072	3	1.43273763317372	-1.43273763317372	ENSG00000119888	EPCAM
5935	5	1.4292698876298	-1.4292698876298	ENSG00000102317	RBM3
29106	9	1.42849071167499	-1.42849071167499	ENSG00000104112	SCG3
526	10	1.42743892570871	-1.42743892570871	ENSG00000147416	ATP6V1B2
9782	10	1.42743078185639	-1.42743078185639	ENSG00000015479	MATR3
9782	10	1.42743078185639	-1.42743078185639	ENSG00000280987	MATR3
724102	10	1.42743078185639	-1.42743078185639		
4698	8	1.42709588749081	-1.42709588749081	ENSG00000128609	NDUFA5
9829	8	1.42636957418843	-1.42636957418843	ENSG00000116675	DNAJC6
4008	10	1.4248147968647	-1.4248147968647	ENSG00000136153	LMO7
9079	8	1.42092722550651	-1.42092722550651	ENSG00000169744	LDB2
3595	11	1.42041344390569	-1.42041344390569	ENSG00000081985	IL12RB2
23046	8	1.41794387938027	-1.41794387938027	ENSG00000116852	KIF21B
57210	4	1.41784459821419	-1.41784459821419	ENSG00000022567	SLC45A4
4061	5	1.41741690046148	-1.41741690046148	ENSG00000278032	LY6E
4061	5	1.41741690046148	-1.41741690046148	ENSG00000160932	LY6E
9915	5	1.41656538843775	-1.41656538843775	ENSG00000172379	ARNT2
26059	10	1.41476862031877	-1.41476862031877	ENSG00000187672	ERC2
8913	10	1.41201889831085	-1.41201889831085	ENSG00000006283	CACNA1G
40	6	1.41164698696606	-1.41164698696606	ENSG00000108684	ASIC2
283554	6	1.41108964475174	-1.41108964475174	ENSG00000180998	GPR137C
50861	9	1.40709859084117	-1.40709859084117	ENSG00000197457	STMN3
81533	12	1.40112352040022	-1.40112352040022	ENSG00000129636	ITFG1
22843	11	1.40022729852585	-1.40022729852585	ENSG00000175175	PPM1E
523	12	1.39850884484486	-1.39850884484486	ENSG00000114573	ATP6V1A
9515	9	1.39824731614552	-1.39824731614552	ENSG00000145087	STXBP5L
51764	4	1.39792685430673	-1.39792685430673	ENSG00000127588	GNG13
192683	7	1.39696423096611	-1.39696423096611	ENSG00000198794	SCAMP5
2044	12	1.39499845170154	-1.39499845170154	ENSG00000145242	EPHA5
2775	9	1.3864679274326	-1.3864679274326	ENSG00000087258	GNAO1
6880	7	1.38324008395011	-1.38324008395011	ENSG00000276463	TAF9
6880	7	1.38324008395011	-1.38324008395011	ENSG00000273841	TAF9
102157402	8	1.38324008395011	-1.38324008395011	ENSG00000279247	AK6
102157402	8	1.38324008395011	-1.38324008395011	ENSG00000085231	AK6
6543	7	1.38184942992578	-1.38184942992578	ENSG00000118160	SLC8A2
55190	5	1.38048894410691	-1.38048894410691	ENSG00000196368	NUDT11
747	7	1.38022857908344	-1.38022857908344	ENSG00000134780	DAGLA
57156	1	1.37697829714791	-1.37697829714791	ENSG00000165548	TMEM63C
22920	11	1.36828160298907	-1.36828160298907	ENSG00000075945	KIFAP3
5100	8	1.36759268903357	-1.36759268903357	ENSG00000136099	PCDH8
23732	10	1.36667035371009	-1.36667035371009	ENSG00000260230	FRRS1L
575	4	1.36631657434399	-1.36631657434399	ENSG00000181790	ADGRB1
6752	7	1.36485714410817	-1.36485714410817	ENSG00000180616	SSTR2
79154	6	1.36370215392317	-1.36370215392317	ENSG00000275397	DHRS11
79154	6	1.36370215392317	-1.36370215392317	ENSG00000278535	DHRS11
10687	8	1.3635151052744	-1.3635151052744	ENSG00000240694	PNMA2
5593	7	1.36280786816861	-1.36280786816861	ENSG00000138669	PRKG2
140679	7	1.35778837157198	-1.35778837157198	ENSG00000101438	SLC32A1
5026	8	1.35444430565006	-1.35444430565006	ENSG00000083454	P2RX5
146664	5	1.35390851577521	-1.35390851577521	ENSG00000167889	MGAT5B
389197	3	1.35310728746312	-1.35310728746312	ENSG00000181215	C4orf50
79762	6	1.35307917003206	-1.35307917003206	ENSG00000162817	C1orf115
8448	6	1.35279247316782	-1.35279247316782	ENSG00000149927	DOC2A
101928068	3	1.35105383962451	-1.35105383962451		
93664	4	1.34927322685671	-1.34927322685671	ENSG00000081803	CADPS2
2104	6	1.34861678901821	-1.34861678901821	ENSG00000196482	ESRRG
3354	1	1.34848466450509	-1.34848466450509	ENSG00000168830	HTR1E
785	10	1.34653134022638	-1.34653134022638	ENSG00000182389	CACNB4
10632	9	1.34640554720293	-1.34640554720293	ENSG00000167283	ATP5MG
4929	7	1.34568222150904	-1.34568222150904	ENSG00000153234	NR4A2
6622	11	1.34375431432841	-1.34375431432841	ENSG00000145335	SNCA
10501	5	1.34246416101556	-1.34246416101556	ENSG00000167680	SEMA6B
4628	11	1.34237934470201	-1.34237934470201	ENSG00000133026	MYH10
5955	11	1.34150807757089	-1.34150807757089	ENSG00000117906	RCN2
137970	5	1.33775774253922	-1.33775774253922	ENSG00000156687	UNC5D
55854	10	1.33689322156198	-1.33689322156198	ENSG00000065548	ZC3H15
338645	5	1.33332985135069	-1.33332985135069	ENSG00000187398	LUZP2
91752	6	1.33264350124871	-1.33264350124871	ENSG00000170396	ZNF804A
26960	11	1.33181955833099	-1.33181955833099	ENSG00000172915	NBEA
9145	9	1.32908379660622	-1.32908379660622	ENSG00000100321	SYNGR1
4190	9	1.32898129600241	-1.32898129600241	ENSG00000014641	MDH1
6376	10	1.32754770241871	-1.32754770241871	ENSG00000006210	CX3CL1
151473	7	1.32610722178223	-1.32610722178223	ENSG00000163053	SLC16A14
26834	4	1.3257261851733	-1.3257261851733	ENSG00000202538	RNU4-2
164832	6	1.32318683283729	-1.32318683283729	ENSG00000170500	LONRF2
55512	12	1.32093835893404	-1.32093835893404	ENSG00000103056	SMPD3
885	11	1.32070756714442	-1.32070756714442	ENSG00000187094	CCK
84254	5	1.3199595093175	-1.3199595093175	ENSG00000004660	CAMKK1
1958	9	1.31912385046727	-1.31912385046727	ENSG00000120738	EGR1
80762	11	1.3174578652562	-1.3174578652562	ENSG00000131507	NDFIP1
653308	8	1.31544706075565	-1.31544706075565	ENSG00000204147	ASAH2B
56624	3	1.31544706075565	-1.31544706075565	ENSG00000188611	ASAH2
9201	11	1.31528930636427	-1.31528930636427	ENSG00000133083	DCLK1
7416	10	1.31357891007553	-1.31357891007553	ENSG00000213585	VDAC1
81571	6	1.31173699123245	-1.31173699123245	ENSG00000236901	MIR600HG
51308	5	1.3115385918629	-1.3115385918629	ENSG00000132563	REEP2
64112	11	1.31029323200736	-1.31029323200736	ENSG00000278268	MOAP1
64112	11	1.31029323200736	-1.31029323200736	ENSG00000165943	MOAP1
729993	9	1.30952020862774	-1.30952020862774	ENSG00000237515	SHISA9
284069	8	1.3056954459943	-1.3056954459943	ENSG00000161682	FAM171A2
81553	13	1.30558850708287	-1.30558850708287	ENSG00000197872	CYRIA
6511	11	1.30520299681026	-1.30520299681026	ENSG00000105143	SLC1A6
8287	3	1.30479979202032	-1.30479979202032	ENSG00000114374	USP9Y
57554	12	1.30425488244827	-1.30425488244827	ENSG00000033122	LRRC7
23026	7	1.30309199435148	-1.30309199435148	ENSG00000041515	MYO16
148808	10	1.3027227187775	-1.3027227187775	ENSG00000174514	MFSD4A
1944	7	1.3020371103	-1.3020371103	ENSG00000143590	EFNA3
64388	9	1.30033641045619	-1.30033641045619	ENSG00000180875	GREM2
4886	4	1.29753445754123	-1.29753445754123	ENSG00000164128	NPY1R
2805	10	1.29632248948739	-1.29632248948739	ENSG00000120053	GOT1
10576	9	1.29494051434799	-1.29494051434799	ENSG00000166226	CCT2
7257	6	1.29253792063805	-1.29253792063805	ENSG00000116918	TSNAX
84966	11	1.29220666312086	-1.29220666312086	ENSG00000117154	IGSF21
23531	14	1.29054709679356	-1.29054709679356	ENSG00000108960	MMD
10178	7	1.28749025411152	-1.28749025411152	ENSG00000009694	TENM1
1734	11	1.28678861431803	-1.28678861431803	ENSG00000211448	DIO2
404217	5	1.28604526913902	-1.28604526913902	ENSG00000178531	CTXN1
57574	11	1.28470696982667	-1.28470696982667	ENSG00000144583	MARCHF4
130367	4	1.28394501336784	-1.28394501336784	ENSG00000163082	SGPP2
7068	9	1.28146776207687	-1.28146776207687	ENSG00000151090	THRB
254122	4	1.28115995265818	-1.28115995265818	ENSG00000172803	SNX32
5475	11	1.28114591096408	-1.28114591096408	ENSG00000086717	PPEF1
54842	10	1.28109298220517	-1.28109298220517	ENSG00000151690	MFSD6
6096	8	1.28053660081966	-1.28053660081966	ENSG00000198963	RORB
83643	3	1.28016211030055	-1.28016211030055	ENSG00000151468	CCDC3
57168	11	1.27828008943819	-1.27828008943819	ENSG00000128203	ASPHD2
6351	1	1.27690011195577	-1.27690011195577	ENSG00000277943	CCL4
6351	1	1.27690011195577	-1.27690011195577	ENSG00000275824	CCL4
6351	1	1.27690011195577	-1.27690011195577	ENSG00000275302	CCL4
64478	8	1.27433449932473	-1.27433449932473	ENSG00000183117	CSMD1
57795	7	1.27431805192376	-1.27431805192376	ENSG00000198797	BRINP2
2890	7	1.27252752822335	-1.27252752822335	ENSG00000155511	GRIA1
8534	7	1.27220186825723	-1.27220186825723	ENSG00000175264	CHST1
9076	3	1.27108838241429	-1.27108838241429	ENSG00000163347	CLDN1
8708	2	1.26990445636662	-1.26990445636662	ENSG00000172318	B3GALT1
9162	6	1.26987037182112	-1.26987037182112	ENSG00000157680	DGKI
5274	10	1.26731904771125	-1.26731904771125	ENSG00000163536	SERPINI1
7184	7	1.2672431487812	-1.2672431487812	ENSG00000166598	HSP90B1
100500842	4	1.2672431487812	-1.2672431487812	ENSG00000284503	MIR3652
284611	11	1.26467962335904	-1.26467962335904	ENSG00000162636	FAM102B
4885	10	1.26453047201668	-1.26453047201668	ENSG00000106236	NPTX2
8803	11	1.26380239802406	-1.26380239802406	ENSG00000136143	SUCLA2
84871	3	1.26379714878508	-1.26379714878508	ENSG00000186094	AGBL4
349667	6	1.26237160296171	-1.26237160296171	ENSG00000186907	RTN4RL2
202559	4	1.2622825934411	-1.2622825934411	ENSG00000112232	KHDRBS2
2977	8	1.26145397553335	-1.26145397553335	ENSG00000152402	GUCY1A2
1404	9	1.2612705755543	-1.2612705755543	ENSG00000145681	HAPLN1
55312	9	1.26086039634525	-1.26086039634525	ENSG00000135002	RFK
23228	10	1.26029421428734	-1.26029421428734	ENSG00000284017	PLCL2
23228	10	1.26029421428734	-1.26029421428734	ENSG00000154822	PLCL2
100500913	4	1.26029421428734	-1.26029421428734	ENSG00000283960	MIR3714
100500913	4	1.26029421428734	-1.26029421428734	ENSG00000283885	MIR3714
2786	11	1.259983875505	-1.259983875505	ENSG00000282972	GNG4
2786	11	1.259983875505	-1.259983875505	ENSG00000168243	GNG4
100127950	1	1.25949312280511	-1.25949312280511	ENSG00000181211	HECW1-IT1
9560	1	1.25916127712997	-1.25916127712997	ENSG00000282604	CCL4L2
9560	1	1.25916127712997	-1.25916127712997	ENSG00000275313	CCL4L2
9560	1	1.25916127712997	-1.25916127712997	ENSG00000276125	CCL4L2
9560	1	1.25916127712997	-1.25916127712997	ENSG00000276070	CCL4L2
388372	1	1.25916127712997	-1.25916127712997	ENSG00000275313	CCL4L2
388372	1	1.25916127712997	-1.25916127712997	ENSG00000276070	CCL4L2
60496	12	1.25841706180831	-1.25841706180831	ENSG00000149313	AASDHPPT
6508	7	1.25661546645813	-1.25661546645813	ENSG00000114923	SLC4A3
56899	6	1.25455649833699	-1.25455649833699	ENSG00000185046	ANKS1B
56934	10	1.25403663750852	-1.25403663750852	ENSG00000154975	CA10
26994	9	1.25348649048563	-1.25348649048563	ENSG00000123091	RNF11
654790	7	1.25246445724234	-1.25246445724234	ENSG00000248485	PCP4L1
3736	7	1.25196320352738	-1.25196320352738	ENSG00000111262	KCNA1
9628	5	1.2506259134257	-1.2506259134257	ENSG00000182732	RGS6
132299	8	1.24941865011035	-1.24941865011035	ENSG00000145247	OCIAD2
283514	6	1.24602888262773	-1.24602888262773	ENSG00000215475	SIAH3
54550	3	1.24595458057137	-1.24595458057137	ENSG00000103154	NECAB2
2134	4	1.24569783909571	-1.24569783909571	ENSG00000158008	EXTL1
644596	4	1.24548986702445	-1.24548986702445	ENSG00000196972	SMIM10L2B
7087	6	1.24528027403512	-1.24528027403512	ENSG00000105376	ICAM5
23096	8	1.24519574258409	-1.24519574258409	ENSG00000124313	IQSEC2
26280	3	1.24443984324959	-1.24443984324959	ENSG00000189108	IL1RAPL2
9856	2	1.24012926834938	-1.24012926834938	ENSG00000137261	KIAA0319
57515	7	1.23967802189665	-1.23967802189665	ENSG00000111897	SERINC1
27132	3	1.2383636838955	-1.2383636838955	ENSG00000178773	CPNE7
4719	10	1.23776131668722	-1.23776131668722	ENSG00000283447	NDUFS1
4719	10	1.23776131668722	-1.23776131668722	ENSG00000023228	NDUFS1
782	10	1.23573299722494	-1.23573299722494	ENSG00000067191	CACNB1
283638	9	1.23425978602655	-1.23425978602655	ENSG00000099814	CEP170B
340533	11	1.23209740375646	-1.23209740375646	ENSG00000050030	NEXMIF
1129	7	1.23186701501498	-1.23186701501498	ENSG00000181072	CHRM2
5368	11	1.23087676183898	-1.23087676183898	ENSG00000168081	PNOC
80059	6	1.22880552461733	-1.22880552461733	ENSG00000176204	LRRTM4
285533	9	1.22826927904937	-1.22826927904937	ENSG00000145428	RNF175
143098	7	1.22826899577133	-1.22826899577133	ENSG00000150054	MPP7
55156	7	1.22732671787554	-1.22732671787554	ENSG00000104442	ARMC1
6447	11	1.22318697260282	-1.22318697260282	ENSG00000277614	SCG5
6447	11	1.22318697260282	-1.22318697260282	ENSG00000281931	SCG5
6447	11	1.22318697260282	-1.22318697260282	ENSG00000166922	SCG5
30820	8	1.22307664981545	-1.22307664981545	ENSG00000182132	KCNIP1
254778	11	1.22202760086701	-1.22202760086701	ENSG00000169085	VXN
101929255	4	1.22166796109551	-1.22166796109551		
8842	4	1.22063798161281	-1.22063798161281	ENSG00000007062	PROM1
375057	10	1.21974153988475	-1.21974153988475	ENSG00000203685	STUM
57524	4	1.21918894389391	-1.21918894389391	ENSG00000167971	CASKIN1
27319	7	1.21838613645078	-1.21838613645078	ENSG00000180828	BHLHE22
51301	2	1.21385861994327	-1.21385861994327	ENSG00000176928	GCNT4
56970	4	1.21014421763994	-1.21014421763994	ENSG00000087152	ATXN7L3
6751	11	1.20988489810671	-1.20988489810671	ENSG00000139874	SSTR1
148753	7	1.20905268384462	-1.20905268384462	ENSG00000143340	FAM163A
518	9	1.20900450678198	-1.20900450678198	ENSG00000154518	ATP5MC3
6092	10	1.20885376202857	-1.20885376202857	ENSG00000185008	ROBO2
10874	9	1.20779693550396	-1.20779693550396	ENSG00000109255	NMU
2922	9	1.20700201233981	-1.20700201233981	ENSG00000134443	GRP
11034	11	1.20529696826639	-1.20529696826639	ENSG00000125868	DSTN
23416	3	1.20157101263072	-1.20157101263072	ENSG00000135519	KCNH3
390616	5	1.20121840707592	-1.20121840707592	ENSG00000235711	ANKRD34C
23154	6	1.20115011538289	-1.20115011538289	ENSG00000020129	NCDN
23467	9	1.19974903701487	-1.19974903701487	ENSG00000221890	NPTXR
9737	7	1.19902361149512	-1.19902361149512	ENSG00000198932	GPRASP1
79622	7	1.19862220000419	-1.19862220000419	ENSG00000161981	SNRNP25
27255	9	1.19816226365694	-1.19816226365694	ENSG00000134115	CNTN6
1040	9	1.19602468129034	-1.19602468129034	ENSG00000163624	CDS1
285220	3	1.19571052732751	-1.19571052732751	ENSG00000080224	EPHA6
23542	7	1.19513797638584	-1.19513797638584	ENSG00000008735	MAPK8IP2
6715	11	1.19481616005375	-1.19481616005375	ENSG00000145545	SRD5A1
26128	11	1.19465820112154	-1.19465820112154	ENSG00000198954	KIFBP
23414	2	1.19336591021176	-1.19336591021176	ENSG00000169946	ZFPM2
56924	8	1.19322470978403	-1.19322470978403	ENSG00000137843	PAK6
254531	6	1.19220120754364	-1.19220120754364	ENSG00000176454	LPCAT4
9600	4	1.19072968230709	-1.19072968230709	ENSG00000110697	PITPNM1
57633	6	1.1898406117056	-1.1898406117056	ENSG00000175928	LRRN1
9177	6	1.18734982284778	-1.18734982284778	ENSG00000149305	HTR3B
149992	2	1.18389501910236	-1.18389501910236		
100132154	2	1.18389501910236	-1.18389501910236		
102724148	1	1.18389501910236	-1.18389501910236		
644669	1	1.18389501910236	-1.18389501910236		
59353	8	1.18306237785542	-1.18306237785542	ENSG00000126950	TMEM35A
128674	5	1.18268462432623	-1.18268462432623	ENSG00000101292	PROKR2
10752	13	1.18264129242786	-1.18264129242786	ENSG00000134121	CHL1
441179	1	1.18249448569762	-1.18249448569762		
114900	9	1.18064538624412	-1.18064538624412	ENSG00000284838	C1QTNF4
114900	9	1.18064538624412	-1.18064538624412	ENSG00000172247	C1QTNF4
2744	13	1.18040451896619	-1.18040451896619	ENSG00000115419	GLS
57569	15	1.17891092648986	-1.17891092648986	ENSG00000137727	ARHGAP20
6049	7	1.17851180222451	-1.17851180222451	ENSG00000127870	RNF6
30819	7	1.17815414066881	-1.17815414066881	ENSG00000120049	KCNIP2
3912	7	1.17541144063615	-1.17541144063615	ENSG00000091136	LAMB1
7881	13	1.17243781430988	-1.17243781430988	ENSG00000169282	KCNAB1
4168	6	1.17241863441911	-1.17241863441911	ENSG00000101977	MCF2
654429	10	1.17224995945414	-1.17224995945414	ENSG00000285383	LRTM2
654429	10	1.17224995945414	-1.17224995945414	ENSG00000166159	LRTM2
2983	11	1.17219552356407	-1.17219552356407	ENSG00000061918	GUCY1B1
83723	1	1.17127383190797	-1.17127383190797	ENSG00000149926	TLCD3B
51701	10	1.17057743149212	-1.17057743149212	ENSG00000087095	NLK
3738	7	1.17049674772033	-1.17049674772033	ENSG00000177272	KCNA3
146	7	1.17010201209975	-1.17010201209975	ENSG00000171873	ADRA1D
170850	6	1.16936371785465	-1.16936371785465	ENSG00000171126	KCNG3
9638	4	1.16812727291324	-1.16812727291324	ENSG00000149557	FEZ1
27124	9	1.16675617502754	-1.16675617502754	ENSG00000185133	INPP5J
23229	10	1.1632289638359	-1.1632289638359	ENSG00000131089	ARHGEF9
345757	6	1.16271627021559	-1.16271627021559	ENSG00000174132	FAM174A
10313	11	1.16197872066339	-1.16197872066339	ENSG00000133318	RTN3
11127	10	1.16107498907546	-1.16107498907546	ENSG00000131437	KIF3A
26470	10	1.16095238520153	-1.16095238520153	ENSG00000174938	SEZ6L2
1400	12	1.16052792679581	-1.16052792679581	ENSG00000072832	CRMP1
4852	7	1.1584044313501	-1.1584044313501	ENSG00000122585	NPY
7991	10	1.15672425556082	-1.15672425556082	ENSG00000104723	TUSC3
57692	6	1.15638753709156	-1.15638753709156	ENSG00000198934	MAGEE1
85453	11	1.15531551343936	-1.15531551343936	ENSG00000180543	TSPYL5
9086	2	1.15358508720027	-1.15358508720027	ENSG00000198692	EIF1AY
23237	4	1.15324562066724	-1.15324562066724	ENSG00000198576	ARC
55617	9	1.15278911635879	-1.15278911635879	ENSG00000089123	TASP1
79575	5	1.1524242185654	-1.1524242185654	ENSG00000127220	ABHD8
55847	10	1.15230034164903	-1.15230034164903	ENSG00000122873	CISD1
390	5	1.15222738496926	-1.15222738496926	ENSG00000115963	RND3
138649	2	1.1514867032637	-1.1514867032637		
257194	11	1.15140087236926	-1.15140087236926	ENSG00000172260	NEGR1
121551	9	1.15020789301924	-1.15020789301924	ENSG00000151136	ABTB3
25977	8	1.15007806242961	-1.15007806242961	ENSG00000089818	NECAP1
389941	2	1.14841945001336	-1.14841945001336	ENSG00000165985	C1QL3
23508	6	1.14708597669827	-1.14708597669827	ENSG00000133985	TTC9
29906	9	1.14652826457429	-1.14652826457429	ENSG00000101638	ST8SIA5
1345	6	1.1457465207152	-1.1457465207152	ENSG00000164919	COX6C
55879	3	1.14484987900445	-1.14484987900445	ENSG00000268089	GABRQ
339479	9	1.14451287685007	-1.14451287685007	ENSG00000162670	BRINP3
55359	9	1.14312576178983	-1.14312576178983	ENSG00000060140	STYK1
3706	6	1.14051101377699	-1.14051101377699	ENSG00000137825	ITPKA
23396	5	1.13894972223068	-1.13894972223068	ENSG00000186111	PIP5K1C
7504	3	1.13882050675157	-1.13882050675157	ENSG00000047597	XK
373	12	1.13803494238038	-1.13803494238038	ENSG00000113595	TRIM23
7433	8	1.1378166156235	-1.1378166156235	ENSG00000114812	VIPR1
80023	7	1.13748345063918	-1.13748345063918	ENSG00000125841	NRSN2
23359	5	1.13714787210088	-1.13714787210088	ENSG00000273564	FAM189A1
23359	5	1.13714787210088	-1.13714787210088	ENSG00000104059	FAM189A1
10934	5	1.13679189487399	-1.13679189487399		
10371	2	1.1364742939462	-1.1364742939462	ENSG00000075213	SEMA3A
7480	5	1.13601689218516	-1.13601689218516	ENSG00000169884	WNT10B
3190	9	1.1352534326284	-1.1352534326284	ENSG00000165119	HNRNPK
100506527	6	1.13403699946314	-1.13403699946314	ENSG00000233123	LINC01007
773	6	1.13398654156061	-1.13398654156061	ENSG00000141837	CACNA1A
51566	8	1.13394722369278	-1.13394722369278	ENSG00000102401	ARMCX3
4889	9	1.1338107058777	-1.1338107058777	ENSG00000164129	NPY5R
57180	14	1.1337648573713	-1.1337648573713	ENSG00000133627	ACTR3B
4992	5	1.13357856373098	-1.13357856373098	ENSG00000168124	OR1F1
6990	4	1.1324309072457	-1.1324309072457	ENSG00000165169	DYNLT3
646243	1	1.12989934106047	-1.12989934106047		
440224	1	1.12989934106047	-1.12989934106047		
10447	10	1.1291159838572	-1.1291159838572	ENSG00000196937	FAM3C
121256	8	1.12853577583049	-1.12853577583049	ENSG00000151952	TMEM132D
100033438	3	1.12796020612035	-1.12796020612035		
64431	3	1.12355129641627	-1.12355129641627	ENSG00000075089	ACTR6
259217	7	1.12130982641376	-1.12130982641376	ENSG00000165868	HSPA12A
57578	4	1.12002631371496	-1.12002631371496	ENSG00000276416	UNC79
57578	4	1.12002631371496	-1.12002631371496	ENSG00000133958	UNC79
10552	4	1.1195606855386	-1.1195606855386	ENSG00000241685	ARPC1A
25775	5	1.11907634259529	-1.11907634259529	ENSG00000128254	YWHAH-AS1
627	10	1.11797717241021	-1.11797717241021	ENSG00000176697	BDNF
5515	11	1.11796023257533	-1.11796023257533	ENSG00000113575	PPP2CA
25797	6	1.11746844009869	-1.11746844009869	ENSG00000115828	QPCT
1592	7	1.1170205668625	-1.1170205668625	ENSG00000095596	CYP26A1
5217	10	1.1168176225371	-1.1168176225371	ENSG00000070087	PFN2
586	9	1.11646787633776	-1.11646787633776	ENSG00000060982	BCAT1
10370	8	1.11473771355045	-1.11473771355045	ENSG00000164442	CITED2
85455	4	1.11379089478454	-1.11379089478454	ENSG00000140323	DISP2
26220	5	1.11355027866252	-1.11355027866252	ENSG00000273032	DGCR5
124359	3	1.11307208287504	-1.11307208287504	ENSG00000166446	CDYL2
57611	6	1.11254605242163	-1.11254605242163	ENSG00000167178	ISLR2
55754	10	1.11244665574184	-1.11244665574184	ENSG00000112697	TMEM30A
3321	8	1.11196583466525	-1.11196583466525	ENSG00000143061	IGSF3
57595	3	1.11095949204172	-1.11095949204172	ENSG00000067840	PDZD4
64901	7	1.10860069244704	-1.10860069244704	ENSG00000204764	RANBP17
10955	13	1.10800592735687	-1.10800592735687	ENSG00000132824	SERINC3
4942	6	1.10741775022766	-1.10741775022766	ENSG00000065154	OAT
1515	2	1.1071447049473	-1.1071447049473	ENSG00000136943	CTSV
26829	1	1.10668781969446	-1.10668781969446		
3756	8	1.10600925115161	-1.10600925115161	ENSG00000143473	KCNH1
5706	8	1.10396579027853	-1.10396579027853	ENSG00000100519	PSMC6
29944	4	1.10137428844137	-1.10137428844137	ENSG00000183837	PNMA3
64101	6	1.10036703181374	-1.10036703181374	ENSG00000128594	LRRC4
8604	5	1.09959647043941	-1.09959647043941	ENSG00000115840	SLC25A12
116966	6	1.09913940253256	-1.09913940253256	ENSG00000150627	WDR17
9806	2	1.09817195888009	-1.09817195888009	ENSG00000107742	SPOCK2
221662	7	1.09700002716664	-1.09700002716664	ENSG00000112183	RBM24
3776	4	1.09657603061577	-1.09657603061577	ENSG00000082482	KCNK2
9750	3	1.09559454360724	-1.09559454360724	ENSG00000111913	RIPOR2
51454	11	1.09516430549587	-1.09516430549587	ENSG00000144366	GULP1
54847	4	1.0923304505295	-1.0923304505295	ENSG00000072858	SIDT1
51552	7	1.09146705504438	-1.09146705504438	ENSG00000119396	RAB14
3805	3	1.09062812045998	-1.09062812045998	ENSG00000276779	KIR2DL4
3805	3	1.09062812045998	-1.09062812045998	ENSG00000278074	KIR2DL4
3805	3	1.09062812045998	-1.09062812045998	ENSG00000273575	KIR2DL4
3805	3	1.09062812045998	-1.09062812045998	ENSG00000275237	KIR2DL4
3805	3	1.09062812045998	-1.09062812045998	ENSG00000275732	KIR2DL4
3805	3	1.09062812045998	-1.09062812045998	ENSG00000276044	KIR2DL4
3805	3	1.09062812045998	-1.09062812045998	ENSG00000277355	KIR2DL4
3805	3	1.09062812045998	-1.09062812045998	ENSG00000278606	KIR2DL4
3805	3	1.09062812045998	-1.09062812045998	ENSG00000275848	KIR2DL4
3805	3	1.09062812045998	-1.09062812045998	ENSG00000274193	KIR2DL4
3805	3	1.09062812045998	-1.09062812045998	ENSG00000274189	KIR2DL4
3805	3	1.09062812045998	-1.09062812045998	ENSG00000274955	KIR2DL4
3805	3	1.09062812045998	-1.09062812045998	ENSG00000277964	KIR2DL4
3805	3	1.09062812045998	-1.09062812045998	ENSG00000274945	KIR2DL4
3805	3	1.09062812045998	-1.09062812045998	ENSG00000275699	KIR2DL4
3805	3	1.09062812045998	-1.09062812045998	ENSG00000278201	KIR2DL4
3805	3	1.09062812045998	-1.09062812045998	ENSG00000277362	KIR2DL4
3805	3	1.09062812045998	-1.09062812045998	ENSG00000277750	KIR2DL4
3805	3	1.09062812045998	-1.09062812045998	ENSG00000277850	KIR2DL4
3805	3	1.09062812045998	-1.09062812045998	ENSG00000275456	KIR2DL4
3805	3	1.09062812045998	-1.09062812045998	ENSG00000275317	KIR2DL4
3805	3	1.09062812045998	-1.09062812045998	ENSG00000278430	KIR2DL4
3805	3	1.09062812045998	-1.09062812045998	ENSG00000277540	KIR2DL4
3805	3	1.09062812045998	-1.09062812045998	ENSG00000273498	KIR2DL4
3805	3	1.09062812045998	-1.09062812045998	ENSG00000278271	KIR2DL4
3805	3	1.09062812045998	-1.09062812045998	ENSG00000276979	KIR2DL4
3805	3	1.09062812045998	-1.09062812045998	ENSG00000277076	KIR2DL4
3805	3	1.09062812045998	-1.09062812045998	ENSG00000274609	KIR2DL4
3805	3	1.09062812045998	-1.09062812045998	ENSG00000274232	KIR2DL4
3805	3	1.09062812045998	-1.09062812045998	ENSG00000284509	KIR2DL4
3805	3	1.09062812045998	-1.09062812045998	ENSG00000284206	KIR2DL4
3805	3	1.09062812045998	-1.09062812045998	ENSG00000284457	KIR2DL4
3805	3	1.09062812045998	-1.09062812045998	ENSG00000283961	KIR2DL4
3805	3	1.09062812045998	-1.09062812045998	ENSG00000284365	KIR2DL4
3805	3	1.09062812045998	-1.09062812045998	ENSG00000284013	KIR2DL4
3805	3	1.09062812045998	-1.09062812045998	ENSG00000283986	KIR2DL4
3805	3	1.09062812045998	-1.09062812045998	ENSG00000284460	KIR2DL4
3805	3	1.09062812045998	-1.09062812045998	ENSG00000284562	KIR2DL4
3805	3	1.09062812045998	-1.09062812045998	ENSG00000284340	KIR2DL4
3805	3	1.09062812045998	-1.09062812045998	ENSG00000283869	KIR2DL4
3805	3	1.09062812045998	-1.09062812045998	ENSG00000189013	KIR2DL4
5362	6	1.09052735597996	-1.09052735597996	ENSG00000076356	PLXNA2
84084	10	1.09016637106942	-1.09016637106942	ENSG00000222014	RAB6C
23767	5	1.08998564621983	-1.08998564621983	ENSG00000125848	FLRT3
282974	9	1.0890976278745	-1.0890976278745	ENSG00000165752	STK32C
5604	9	1.08696579134953	-1.08696579134953	ENSG00000169032	MAP2K1
5136	10	1.08688699315491	-1.08688699315491	ENSG00000115252	PDE1A
481	8	1.08495530299781	-1.08495530299781	ENSG00000143153	ATP1B1
9908	11	1.08424004981228	-1.08424004981228	ENSG00000138757	G3BP2
29118	5	1.08366985894484	-1.08366985894484	ENSG00000109832	DDX25
25928	1	1.08335188247987	-1.08335188247987	ENSG00000171243	SOSTDC1
10669	8	1.08191868960066	-1.08191868960066	ENSG00000138028	CGREF1
7532	7	1.08174619306926	-1.08174619306926	ENSG00000170027	YWHAG
57662	5	1.08173835242232	-1.08173835242232	ENSG00000076826	CAMSAP3
3754	12	1.08132438515478	-1.08132438515478	ENSG00000162975	KCNF1
1107	6	1.08090138754804	-1.08090138754804	ENSG00000170004	CHD3
10858	10	1.08039137172267	-1.08039137172267	ENSG00000036530	CYP46A1
129804	5	1.08004444443246	-1.08004444443246	ENSG00000144152	FBLN7
114880	6	1.07948597889599	-1.07948597889599	ENSG00000079156	OSBPL6
4208	7	1.07938942799131	-1.07938942799131	ENSG00000081189	MEF2C
101927324	1	1.07883073474034	-1.07883073474034	ENSG00000257582	LINC01475
6660	5	1.0787738131585	-1.0787738131585	ENSG00000134532	SOX5
15	4	1.07871934024176	-1.07871934024176	ENSG00000129673	AANAT
80339	5	1.07683674224335	-1.07683674224335	ENSG00000100344	PNPLA3
55827	12	1.07519391858713	-1.07519391858713	ENSG00000143164	DCAF6
64218	6	1.07488966412174	-1.07488966412174	ENSG00000196189	SEMA4A
128866	7	1.07481536927581	-1.07481536927581	ENSG00000101421	CHMP4B
57026	6	1.07436676434422	-1.07436676434422	ENSG00000241360	PDXP
5707	7	1.07355923507125	-1.07355923507125	ENSG00000173692	PSMD1
152789	8	1.07324953612882	-1.07324953612882	ENSG00000152969	JAKMIP1
26049	7	1.07297604811989	-1.07297604811989	ENSG00000198780	FAM169A
10440	13	1.07194105535214	-1.07194105535214	ENSG00000134375	TIMM17A
347733	4	1.0716735040128	-1.0716735040128	ENSG00000137285	TUBB2B
80731	3	1.07131025455043	-1.07131025455043	ENSG00000144229	THSD7B
54332	10	1.06881640821751	-1.06881640821751	ENSG00000104381	GDAP1
4326	6	1.06870936189608	-1.06870936189608	ENSG00000198598	MMP17
60592	9	1.06843687827274	-1.06843687827274	ENSG00000153130	SCOC
11281	4	1.0671495241575	-1.0671495241575	ENSG00000106536	POU6F2
105375418	1	1.06535822926236	-1.06535822926236		
64420	7	1.06365117902947	-1.06365117902947	ENSG00000106868	SUSD1
56938	7	1.06314850882859	-1.06314850882859	ENSG00000029153	ARNTL2
51062	9	1.06292565976786	-1.06292565976786	ENSG00000198513	ATL1
337876	6	1.0628570579461	-1.0628570579461	ENSG00000198108	CHSY3
10740	5	1.06244947196414	-1.06244947196414		
23231	11	1.061657119051	-1.061657119051	ENSG00000091490	SEL1L3
55022	11	1.06077306542438	-1.06077306542438	ENSG00000153823	PID1
10294	11	1.05909518175559	-1.05909518175559	ENSG00000069345	DNAJA2
344967	5	1.05878261794994	-1.05878261794994		
375323	7	1.05707576999577	-1.05707576999577	ENSG00000156959	LHFPL4
11245	5	1.05668614171398	-1.05668614171398	ENSG00000166073	GPR176
22986	11	1.05396001505081	-1.05396001505081	ENSG00000156395	SORCS3
57526	8	1.05338199445129	-1.05338199445129	ENSG00000165194	PCDH19
4037	4	1.05275077773749	-1.05275077773749	ENSG00000130881	LRP3
6833	4	1.05176504658872	-1.05176504658872	ENSG00000006071	ABCC8
5577	7	1.05171357524171	-1.05171357524171	ENSG00000284096	PRKAR2B
5577	7	1.05171357524171	-1.05171357524171	ENSG00000005249	PRKAR2B
84984	7	1.050551227749	-1.050551227749	ENSG00000174007	CEP19
1812	6	1.05035930853718	-1.05035930853718	ENSG00000184845	DRD1
6309	8	1.04698125447263	-1.04698125447263	ENSG00000109929	SC5D
28951	8	1.04672977133168	-1.04672977133168	ENSG00000071575	TRIB2
309	10	1.0464485334741	-1.0464485334741	ENSG00000197043	ANXA6
4830	9	1.04596653688862	-1.04596653688862	ENSG00000239672	NME1
170688	10	1.04593372254428	-1.04593372254428		
11163	12	1.04593372254428	-1.04593372254428	ENSG00000173598	NUDT4
440672	10	1.04593372254428	-1.04593372254428	ENSG00000177144	NUDT4B
3831	10	1.04528246822581	-1.04528246822581	ENSG00000126214	KLC1
65217	1	1.0445601623676	-1.0445601623676	ENSG00000150275	PCDH15
23261	9	1.04365344074928	-1.04365344074928	ENSG00000171735	CAMTA1
3761	7	1.04163222675853	-1.04163222675853	ENSG00000168135	KCNJ4
145773	3	1.04088523575119	-1.04088523575119	ENSG00000157470	FAM81A
23518	7	1.03986554025833	-1.03986554025833	ENSG00000048991	R3HDM1
4856	8	1.03963795010862	-1.03963795010862	ENSG00000136999	CCN3
5570	4	1.03860950541105	-1.03860950541105	ENSG00000135549	PKIB
57146	4	1.03729206415801	-1.03729206415801	ENSG00000283997	LDAF1
57146	4	1.03729206415801	-1.03729206415801	ENSG00000011638	LDAF1
8395	8	1.03725410129887	-1.03725410129887	ENSG00000107242	PIP5K1B
728637	3	1.03649759870924	-1.03649759870924	ENSG00000239642	MEIKIN
57415	10	1.03575318821592	-1.03575318821592	ENSG00000114405	C3orf14
22853	6	1.03431326128249	-1.03431326128249	ENSG00000164715	LMTK2
54438	7	1.034167128812	-1.034167128812	ENSG00000145990	GFOD1
10123	8	1.03401637757469	-1.03401637757469	ENSG00000188042	ARL4C
27020	11	1.03325951788062	-1.03325951788062	ENSG00000156642	NPTN
374887	7	1.03108411711322	-1.03108411711322	ENSG00000250067	YJEFN3
1174	11	1.03098441918132	-1.03098441918132	ENSG00000106367	AP1S1
2821	6	1.03090486800614	-1.03090486800614	ENSG00000282019	GPI
2821	6	1.03090486800614	-1.03090486800614	ENSG00000105220	GPI
344838	6	1.03040459445776	-1.03040459445776	ENSG00000188582	PAQR9
114928	8	1.02990581046801	-1.02990581046801	ENSG00000158301	GPRASP2
253559	10	1.02952664507412	-1.02952664507412	ENSG00000175161	CADM2
9868	10	1.02944155343689	-1.02944155343689	ENSG00000154174	TOMM70
9648	7	1.0294003459531	-1.0294003459531	ENSG00000135968	GCC2
55342	8	1.02904211868663	-1.02904211868663	ENSG00000165209	STRBP
3241	9	1.02842998021567	-1.02842998021567	ENSG00000115756	HPCAL1
642311	1	1.02774665654488	-1.02774665654488		
83891	7	1.0267343457941	-1.0267343457941	ENSG00000109762	SNX25
4976	12	1.02549154117938	-1.02549154117938	ENSG00000198836	OPA1
7529	10	1.02484996948762	-1.02484996948762	ENSG00000166913	YWHAB
387856	7	1.02446603763538	-1.02446603763538	ENSG00000177875	CCDC184
6101	1	1.02416062310752	-1.02416062310752	ENSG00000104237	RP1
168667	8	1.02358710882869	-1.02358710882869	ENSG00000164619	BMPER
51510	5	1.02242177992037	-1.02242177992037	ENSG00000086065	CHMP5
4121	8	1.02165526584067	-1.02165526584067	ENSG00000111885	MAN1A1
23327	13	1.01949538701029	-1.01949538701029	ENSG00000049759	NEDD4L
114798	9	1.01714979713443	-1.01714979713443	ENSG00000178235	SLITRK1
10231	9	1.01678314278315	-1.01678314278315	ENSG00000172348	RCAN2
253782	11	1.01649314574984	-1.01649314574984	ENSG00000172292	CERS6
10438	4	1.01621233926399	-1.01621233926399	ENSG00000197223	C1D
2280	9	1.01361299842902	-1.01361299842902	ENSG00000088832	FKBP1A
81853	9	1.01335854778277	-1.01335854778277	ENSG00000137210	TMEM14B
5979	6	1.01305104517579	-1.01305104517579	ENSG00000165731	RET
2806	7	1.01237769454377	-1.01237769454377	ENSG00000125166	GOT2
55816	7	1.01106377232955	-1.01106377232955	ENSG00000101134	DOK5
5176	7	1.01074103324501	-1.01074103324501	ENSG00000282307	SERPINF1
5176	7	1.01074103324501	-1.01074103324501	ENSG00000132386	SERPINF1
8900	8	1.01069344823326	-1.01069344823326	ENSG00000133101	CCNA1
55228	8	1.00993937830099	-1.00993937830099	ENSG00000182013	PNMA8A
7385	8	1.00881363495018	-1.00881363495018	ENSG00000140740	UQCRC2
7425	8	1.00876933238463	-1.00876933238463	ENSG00000128564	VGF
84502	3	1.00820875725451	-1.00820875725451	ENSG00000092051	JPH4
57181	8	1.00704892097501	-1.00704892097501	ENSG00000196950	SLC39A10
5019	8	1.00472347129353	-1.00472347129353	ENSG00000083720	OXCT1
55714	10	1.00407640098468	-1.00407640098468	ENSG00000218336	TENM3
407052	3	1.00388333434942	-1.00388333434942	ENSG00000207807	MIR95
79827	4	1.00332139070665	-1.00332139070665	ENSG00000166250	CLMP
6505	10	1.00103767521142	-1.00103767521142	ENSG00000106688	SLC1A1
347731	3	1.00080634223181	-1.00080634223181	ENSG00000198739	LRRTM3
150967	4	1.00060780956112	-1.00060780956112	ENSG00000260804	LINC01963
